Product Name,Current Price,Reviewer,Rating,Comment,Time Used
Laptop Acer Aspire 3 A315 510P 32EF i3 N305/8GB/256GB/Win11 (NX.KDHSV.001),16173535.108958839,huy·ªÅn trang,3,em mu·ªën c√†i sang ti·∫øng vi·ªát m√† m√°y hong h·ªó tr·ª£,1 th√°ng
Laptop Acer Aspire 3 A315 510P 32EF i3 N305/8GB/256GB/Win11 (NX.KDHSV.001),16173535.108958839,Tr·ªãnh Thanh T√∫,4,"Em c√≥ mua m√°y n√†y ·ªü th·∫ø gi·ªõi di ƒë·ªông S√≥c TrƒÉng, n√≥i chung ch·ª©c nƒÉng ok nhma c√°i Microsoft store c·ªßa m√°y e n√≥ s√†i kh ƒëc c·ª© xoay xoay ho√†i",2 th√°ng
Laptop Acer Aspire 3 A315 510P 32EF i3 N305/8GB/256GB/Win11 (NX.KDHSV.001),16173535.108958839,NGUY·ªÑN TH·ªä THANH NH√ÄN,5,"M√¨nh ch·ªâ s·ª≠ d·ª•ng m·ª•c ƒë√≠ch h·ªçc t·∫≠p, vƒÉn ph√≤ng n√™n m√°y kh√° ·ªïn.Th·∫ø gi·ªõi di ƒë·ªông t·∫°i 09 Nguy·ªÖn Oanh h·ªó tr·ª£ t·ªët v·ªÅ k·ªπ thu·∫≠t + chƒÉm s√≥c kh√°ch h√†ng.",1 ng√†y
Laptop Acer Aspire 3 A315 510P 32EF i3 N305/8GB/256GB/Win11 (NX.KDHSV.001),16173535.108958839,b√πi ti√™n,3,t√¥i kh√¥ng b·∫≠t ƒë∆∞·ª£c micro tr√™n laptop. xin ƒë∆∞·ª£c h·ªó tr·ª£,1 tu·∫ßn
Laptop HP Gaming VICTUS 15 fa1139TX i5 12450H/16GB/512GB/4GB RTX2050/144Hz/Win11 (8Y6W3PA),18490000.0,Nguy·ªÖn Ch√≠ V·ªπ,4,"Lap d√πng ·ªïn khi ch∆°i game, l√†m t√°c v·ª• vƒÉn ph√≤ng m∆∞·ª£t, ƒëi·ªÉm tr·ª´ i5 s·ª≠ d·ª•ng h∆°i n√≥ng, th·ªùi l∆∞·ª£ng pin h∆°i b·ªã tu·ªôc nhanh ph·∫£i chƒÉn l√† d√≤ng Gaming n√≥ nh∆∞ th·∫ø, c√≤n l·∫°i th√¨ v·∫´n ·ªïn ƒë·ªëi v·ªõi t√¥i l√† v·∫≠y",1 tu·∫ßn
Laptop HP Gaming VICTUS 15 fa1139TX i5 12450H/16GB/512GB/4GB RTX2050/144Hz/Win11 (8Y6W3PA),18490000.0,C∆∞·ªùng,2,"Kh√¥ng n√™n mua con n√†y.D√πng v√†i th√°ng ƒë√£ s·∫°c kh√¥ng v√¥, loa l√∫c nghe l√∫c kh√¥ng r·ªìi s·∫≠p ngu·ªìn lu√¥n, b·∫£o h√†nh h√£ng thay c·∫£ mainB·∫£n l·ªÅ y·∫øu, m√†n h√¨nh rung ring. Cam kh√¥ng h·ªï tr·ª£ face ID",4 th√°ng
Laptop HP Gaming VICTUS 15 fa1139TX i5 12450H/16GB/512GB/4GB RTX2050/144Hz/Win11 (8Y6W3PA),18490000.0,Nguy·ªÖn Ch√≠ T√¢m,5,T·ªët ƒë√°ng mua,1 tu·∫ßn
Laptop HP Gaming VICTUS 15 fa1139TX i5 12450H/16GB/512GB/4GB RTX2050/144Hz/Win11 (8Y6W3PA),18490000.0,Nguy·ªÖn Xu√¢n To√†n,5,T·ªët,1 tu·∫ßn
Laptop HP Gaming VICTUS 15 fa1139TX i5 12450H/16GB/512GB/4GB RTX2050/144Hz/Win11 (8Y6W3PA),18490000.0,Tr·∫ßn Th·ªã Ng·ªçc Khuy√™n,4,T·ªët,1 tu·∫ßn
Laptop Acer Aspire 3 A315 510P 32EF i3 N305/8GB/256GB/Win11 (NX.KDHSV.001),16173535.108958839,Nong thi lan,2,M√°y m·ªõi m√† nhanh h·∫øt pin ch·∫Øc d√πng ƒë∆∞·ª£c 2 ti·∫øng,1 ng√†y
Laptop Acer Aspire 3 A315 510P 32EF i3 N305/8GB/256GB/Win11 (NX.KDHSV.001),16173535.108958839,Nguy·ªÖn Th·ªã Quy√™n,1,M·ªõi mua m√† d√πng m√°y nhanh h·∫øt pin nhanh n√≥ng m√°y,2 tu·∫ßn
Laptop HP Pavilion 15 eg3091TU i7 1355U/16GB/512GB/Win11 (8C5L2PA),22490000.0,ƒê·ªó VƒÉn Th·ªùi,5,R·∫•t ok,1 tu·∫ßn
Laptop HP Pavilion 15 eg3091TU i7 1355U/16GB/512GB/Win11 (8C5L2PA),22490000.0,H·∫£i,4,"M√°y c·∫•u h√¨nh m·∫°nh, gi√° t·ªët.",2 th√°ng
Laptop HP Pavilion 15 eg3091TU i7 1355U/16GB/512GB/Win11 (8C5L2PA),22490000.0,L√™ Minh Hy,5,T·ªët,1 tu·∫ßn
Laptop HP 240 G9 i3 1215U/8GB/256GB/Win11 (6L1X7PA),9190000.0,D∆∞ VƒÉn D≈©ng,5,M√°y th√¨ OK.H·ªèng c·ª•c qu·∫ßn th·ªùi gian b·∫£o h√†nh l√¢u qu√°.,1 th√°ng
Laptop HP 240 G9 i3 1215U/8GB/256GB/Win11 (6L1X7PA),9190000.0,V≈® ƒê√åNH NGHƒ®A,5,"M√°y d√πng ok gi√° m·ªÅm , nh∆∞ng d·∫°o n√†y gi√° mua tr·∫£ th·∫≥ng v√† gi√° mua tr·∫£ g√≥p ch√™nh l·ªách nhau nhi·ªÅu qu√°",1 ng√†y
Laptop HP 240 G9 i3 1215U/8GB/256GB/Win11 (6L1X7PA),9190000.0,89631 - ƒê√†o T√πng,5,X√†i ok,1 tu·∫ßn
Laptop HP 240 G9 i3 1215U/8GB/256GB/Win11 (6L1X7PA),9190000.0,C L√™n,5,"M√°y ch·∫°y √™m, m∆∞·ª£t",4 th√°ng
Laptop HP 240 G9 i3 1215U/8GB/256GB/Win11 (6L1X7PA),9190000.0,Anh D∆∞∆°ng,5,Perfect,1 tu·∫ßn
Laptop HP 240 G9 i3 1215U/8GB/256GB/Win11 (6L1X7PA),9190000.0,Anh Thu·∫•n,5,S·∫£n ph·∫©m ch·∫•t l∆∞·ª£ng r·∫•t t·ªët ph√π h·ª£p v·ªõi nhu c·∫ßu s·ª≠ d·ª•ng,3 tu·∫ßn
Laptop HP 240 G9 i3 1215U/8GB/256GB/Win11 (6L1X7PA),9190000.0,H·ªìng Thi·∫øt,5,Sau khi ph·∫£n √°nh v·ªõi trung t√¢m chƒÉm s√≥c kh√°ch h√†ng. Th√¨ b√™n trung t√¢m ƒë√£ g·ªçi ƒëi·ªán l·∫Øng nghe √Ω ki·∫øn ph·∫£n h·ªìi c·ªßa kh√°ch h√†ng v√† k·ªãp th·ªùi kh·∫Øc ph·ª•c nh·ªØng y√™u c·∫ßu c·ªßa kh√°ch h√†ng. C√°m ∆°n ƒë·ªôi ng≈© chƒÉm s√≥c kh√°ch h√†ng c·ªßa Trung t√¢m.,1 ng√†y
Laptop HP 240 G9 i3 1215U/8GB/256GB/Win11 (6L1X7PA),9190000.0,L√¢m Thanh Ti·ªÅn,5,M√°y m∆∞·ª£t. ƒê·∫£m b·∫£o c√¥ng vi·ªác,1 tu·∫ßn
Laptop HP 240 G9 i3 1215U/8GB/256GB/Win11 (6L1X7PA),9190000.0,Nguy·ªÖn T√πng D∆∞∆°ng,1,v·ª´a mua h√¥m nay nh√¢n vi√™n c√†i m√°y t·ªá . ƒëang v·ªôi v·ªÅ. kh√¥ng ki·ªÉm tra . v·ªÅ t·ªëi m·ªü ra . d√πng kh√¥ng ƒë∆∞·ª£c. l·ªói. ƒë·ªÅ ngh·ªã ƒë∆∞·ª£c h·ªó tr·ª£,1 ng√†y
Laptop HP 240 G9 i3 1215U/8GB/256GB/Win11 (6L1X7PA),9190000.0,Chi·∫øn,4,M·ªçi t√°c v·ª• cho vƒÉn ph√≤ng ok,2 tu·∫ßn
Laptop HP 240 G9 i3 1215U/8GB/256GB/Win11 (6L1X7PA),9190000.0,L·ª£i,4,V·∫´n b√¨nh th∆∞·ªùng,1 tu·∫ßn
Laptop HP 240 G9 i3 1215U/8GB/256GB/Win11 (6L1X7PA),9190000.0,Hu·ªá,5,R·∫•t t·ªët,1 th√°ng
Laptop HP 240 G9 i3 1215U/8GB/256GB/Win11 (6L1X7PA),9190000.0,Ch·ªã Hu·ªá,5,R·∫•t t·ªët,1 tu·∫ßn
Laptop HP 240 G9 i3 1215U/8GB/256GB/Win11 (6L1X7PA),9190000.0,L√™ Quang Hi·ªÉn,5,T·ªët,1 th√°ng
Laptop HP 240 G9 i3 1215U/8GB/256GB/Win11 (6L1X7PA),9190000.0,Anh Long,4,T·ªët,1 tu·∫ßn
Laptop HP 240 G9 i3 1215U/8GB/256GB/Win11 (6L1X7PA),9190000.0,TRAN THI MAUkl,3,T·ªët,3 tu·∫ßn
Laptop HP 240 G9 i3 1215U/8GB/256GB/Win11 (6L1X7PA),9190000.0,M·∫øn,4,T·ªët,1 tu·∫ßn
Laptop HP 240 G9 i3 1215U/8GB/256GB/Win11 (6L1X7PA),9190000.0,V√†ng Th·ªã H∆°n,5,T·ªët,3 tu·∫ßn
Laptop HP 240 G9 i3 1215U/8GB/256GB/Win11 (6L1X7PA),9190000.0,Kh√°nh,5,T·ªët,1 tu·∫ßn
Laptop HP 240 G9 i3 1215U/8GB/256GB/Win11 (6L1X7PA),9190000.0,Hu·ª≥nh Th·ªã Ng·ªçc My,5,T·ªët,1 tu·∫ßn
Laptop HP Pavilion 15 eg2088TU i7 1260P/16GB/512GB/Win11 (7C0R0PA),20990000.0,Nguy·ªÖn VƒÉn B·∫£o,3,"Pin y·∫øu, m√°y m·ªõi nh∆∞ng pin ch·ªâ ƒë∆∞·ª£c g·∫ßn 2 ti·∫øng",1 tu·∫ßn
Laptop HP Pavilion 15 eg2088TU i7 1260P/16GB/512GB/Win11 (7C0R0PA),20990000.0,Tr√≠,2,"Mua h√¥m th·ª© 6 ng·ªìi ki·ªÉm tra t·ªõi lui, gi·ªù m·ªõi ph√°t hi·ªán tay ƒë·ªï m·ªì h√¥i ch·∫°m v√¥ v·ªè n√≥ t√™ t√™, d√πng b√∫t th·ª≠ ƒëi·ªán ch·∫°m v√†o th√¨ n√≥ s√°ng ƒë√®n, gi·ªù kh√¥ng bi·∫øt c√≥ b·∫£o h√†nh hay kh√¥ng",3 ng√†y
Laptop HP Pavilion 15 eg2088TU i7 1260P/16GB/512GB/Win11 (7C0R0PA),20990000.0,C√°ch,5,Oke,1 tu·∫ßn
Laptop HP Pavilion 15 eg2088TU i7 1260P/16GB/512GB/Win11 (7C0R0PA),20990000.0,Nguy·ªÖn Th·ªã Li√™n,5,R·∫•t t·ªët,1 th√°ng
Laptop HP Pavilion 15 eg2088TU i7 1260P/16GB/512GB/Win11 (7C0R0PA),20990000.0,L·ªôc Nam H√πng,5,S·∫£n ph·∫©m s·ª≠ d·ª•ng r·∫•t t·ªët.,1 tu·∫ßn
Laptop HP Pavilion 15 eg2088TU i7 1260P/16GB/512GB/Win11 (7C0R0PA),20990000.0,Nguy·ªÖn Th·ªã Quy√™n,5,"Nh√¢n vi√™n t∆∞ v·∫•n nhi·ªát t√¨nh, s·∫£n ph·∫©m ƒë·∫πp v√† ∆∞ng √Ωü•∞",1 tu·∫ßn
Laptop HP Pavilion 15 eg2088TU i7 1260P/16GB/512GB/Win11 (7C0R0PA),20990000.0,Ch√∫ Tu·∫•n,5,r·∫•t h√†i l√≤ng v·ªõi s·∫£n ph·∫©m,1 tu·∫ßn
Laptop HP Pavilion 15 eg2088TU i7 1260P/16GB/512GB/Win11 (7C0R0PA),20990000.0,An nhi√™n,5,R·∫•t t·ªët,1 tu·∫ßn
Laptop HP Pavilion 15 eg2088TU i7 1260P/16GB/512GB/Win11 (7C0R0PA),20990000.0,Anh √Çn,5,"ƒê√£ mua s·ª≠ d·ª•ng r·∫•t m·∫°nh m·∫Ω, core i7 gen 12 m√†n 15,6 full kim lo·∫°i. Con n√†y n·∫±m trong top r·∫ª nh·∫•t so v·ªõi c·∫•u h√¨nh.",4 ng√†y
Laptop HP Pavilion 15 eg2088TU i7 1260P/16GB/512GB/Win11 (7C0R0PA),20990000.0,TO·∫¢N,5,ok,1 ng√†y
Laptop HP Pavilion 15 eg2088TU i7 1260P/16GB/512GB/Win11 (7C0R0PA),20990000.0,L∆∞u Minh ƒê·ª©c,4,T·ªët,3 ng√†y
Laptop HP Pavilion 15 eg2088TU i7 1260P/16GB/512GB/Win11 (7C0R0PA),20990000.0,Ng√¥ Xu√¢n Nguy√™n,5,Good,1 tu·∫ßn
Laptop HP Pavilion 15 eg2088TU i7 1260P/16GB/512GB/Win11 (7C0R0PA),20990000.0,Trung,4,S·∫£n ph·∫©m HP ·ªïn ƒë·ªãnh,1 tu·∫ßn
Laptop HP Pavilion 15 eg2088TU i7 1260P/16GB/512GB/Win11 (7C0R0PA),20990000.0,Tr·∫ßn Th·ªã H·∫±ng,5,T·ªët,3 th√°ng
Laptop HP Pavilion 15 eg2088TU i7 1260P/16GB/512GB/Win11 (7C0R0PA),20990000.0,C√îNG TY TNHH CH√ÇU MINH HO√ÄNG,5,T·ªët,4 tu·∫ßn
Laptop HP Pavilion 15 eg2088TU i7 1260P/16GB/512GB/Win11 (7C0R0PA),20990000.0,Ng√¥ Th·ªã H·ªìng Ch·∫•m,4,T·ªët,3 ng√†y
Laptop HP Pavilion 15 eg2088TU i7 1260P/16GB/512GB/Win11 (7C0R0PA),20990000.0,B√¨nh,5,T·ªët,3 ng√†y
Laptop Acer Aspire 3 A315 510P 32EF i3 N305/8GB/256GB/Win11 (NX.KDHSV.001),16173535.108958839,Em Mi,3,C√≥ b·∫£o h√†nh c·ª•c s·∫°c khi mua laptop kh√¥ng ·∫°,2 th√°ng
Laptop Acer Aspire 3 A315 510P 32EF i3 N305/8GB/256GB/Win11 (NX.KDHSV.001),16173535.108958839,Ch·ªã Li√™n,4,Nh√¨n chung t√¥i d√πng th·∫•y ·ªïn. Ch·ªâ c√≥ loa nghe h∆°i nh·ªè,4 th√°ng
Laptop Asus Vivobook Go 15 E1504FA R5 7520U/16GB/512GB/Chu·ªôt/Win11 (NJ776W),12590000.0,TR·∫¶N TI·∫æU H·∫∞NG,5,t·ªët,1 tu·∫ßn
Laptop Asus Vivobook Go 15 E1504FA R5 7520U/16GB/512GB/Chu·ªôt/Win11 (NJ776W),12590000.0,Tr∆∞·ªùng,1,"M√°y r·∫•t hay l√°c, b·∫≠t m√°y m√† h√¨nh ƒëen thui m·∫∑c d√π m·ªõi s√†i ƒë∆∞·ª£c tu·∫ßn, ch·ªù 6-7 ph√∫t pm√°y ch∆∞a t·∫Øt d√π ƒë√£ c·∫≠p nh·∫≠p h·∫øt ph·∫ßn m·ªÅm. Restart m√°y n·ª≠a ti·∫øng ch∆∞a xong.",7 ng√†y
Laptop Asus Vivobook Go 15 E1504FA R5 7520U/16GB/512GB/Chu·ªôt/Win11 (NJ776W),12590000.0,Ch·ªã H√†,4,"M√°y ch·∫°y √™m, nhanh, pin d√πng l√¢u nha.",2 th√°ng
Laptop Asus Vivobook Go 15 E1504FA R5 7520U/16GB/512GB/Chu·ªôt/Win11 (NJ776W),12590000.0,Kh√¥ng gi·ªõi thi·ªáu,1,"Laptop m·ªõi mua ƒë∆∞·ª£c 9 ng√†y, m·ªói ng√†y d√πng 30p  1 ti·∫øng, ƒë√®n b√°o s√°ng m√† m√†n h√¨nh ƒëen thui. S·∫£n ph·∫©m n√†y kh√¥ng x·ª©ng ƒë√°ng v·ªõi c√°i sao n√†o c·∫£.",1 tu·∫ßn
Laptop Asus Vivobook Go 15 E1504FA R5 7520U/16GB/512GB/Chu·ªôt/Win11 (NJ776W),12590000.0,Nguy·ªÖn Th·ªã H∆∞∆°ng,3,may nhanh het pin hoi lag ti,1 th√°ng
Laptop Asus Vivobook Go 15 E1504FA R5 7520U/16GB/512GB/Chu·ªôt/Win11 (NJ776W),12590000.0,Ch·ªã Nh∆∞,3,M√°y m√¨nh mua ƒë∆∞·ª£c 10 th√°ng m√† d·ªÖ b·ªã ƒë·ª©ng m√°y l·∫Øm,8 th√°ng
Laptop Asus Vivobook Go 15 E1504FA R5 7520U/16GB/512GB/Chu·ªôt/Win11 (NJ776W),12590000.0,Nguy·ªÖn Th·ª´a Ch√≠,5,S√†i ok l·∫Øm,3 tu·∫ßn
Laptop Asus Vivobook Go 15 E1504FA R5 7520U/16GB/512GB/Chu·ªôt/Win11 (NJ776W),12590000.0,Anh,5,t·ªët,2 tu·∫ßn
Laptop Asus Vivobook Go 15 E1504FA R5 7520U/16GB/512GB/Chu·ªôt/Win11 (NJ776W),12590000.0,T·∫° Trung Nh·∫≠t,3,M√°y n√†y c√≥ nh·∫≠n di·ªán khu√¥n m·∫∑t kh√¥ng,4 ng√†y
Laptop Asus Vivobook Go 15 E1504FA R5 7520U/16GB/512GB/Chu·ªôt/Win11 (NJ776W),12590000.0,Nguy·ªÖn Th·ªã B√≠ch H√†,4,"Ch·ªã x√†i m√°y ƒë∆∞·ª£c h∆°n hai tu·∫ßn r·ªìi v√† th·∫•y r·∫•t okay, m√°y ch·∫°y √™m, ch·ªã hai l√≤ng v·ªõi s·∫£n ph·∫©m n√†y.",1 tu·∫ßn
Laptop Asus Vivobook Go 15 E1504FA R5 7520U/16GB/512GB/Chu·ªôt/Win11 (NJ776W),12590000.0,Phan VƒÉn L√¢m,5,S·∫£n ph·∫©m t·ªët,1 tu·∫ßn
Laptop Asus Vivobook Go 15 E1504FA R5 7520U/16GB/512GB/Chu·ªôt/Win11 (NJ776W),12590000.0,Ho√†ng Xu√¢n T√πng,5,"S·∫£n ph·∫©m t·ªët nha mn, b·∫°n n√†o x√†i ƒëa t√°ch v·ª• c√πng l√∫c l√† h·ª£p l·∫Øm",1 tu·∫ßn
Laptop Asus Vivobook Go 15 E1504FA R5 7520U/16GB/512GB/Chu·ªôt/Win11 (NJ776W),12590000.0,L√ä TU·∫§N S∆†N,5,R·∫•t ok.,3 tu·∫ßn
Laptop Asus Vivobook Go 15 E1504FA R5 7520U/16GB/512GB/Chu·ªôt/Win11 (NJ776W),12590000.0,L√™ Nguy·ªÖn Nh·∫≠t Phin,3,Gi√∫p em v·ªõi ·∫°. M√°y mua ƒë∆∞·ª£c 1 tu·∫ßn th√¨ l·∫°i m·ªü m√°y kh l√™n.,7 ng√†y
Laptop Asus Vivobook Go 15 E1504FA R5 7520U/16GB/512GB/Chu·ªôt/Win11 (NJ776W),12590000.0,a tu√¢n,4,"M√†n h√¨nh ƒë·∫πp, x√†i t√°c v·ª• c∆° b·∫£n ok, game nh·∫π nh√†ng, ram 16gb + ssd 512gb l√† 2 ƒëi·ªÉm c·ªông l·ªõn cho 1 con laptop g·∫ßn 13tr, chip ryzen 5 7520U h∆°i y·∫øu th√¥i. N√≥i chung l√† 8/10 ·∫°",1 ng√†y
Laptop Asus Vivobook Go 15 E1504FA R5 7520U/16GB/512GB/Chu·ªôt/Win11 (NJ776W),12590000.0,Anh C∆∞·ªùng,3,v√†o face book tr√™n c·ªëc c·ªëc xem video m·ªôt t√≠ l√† b·ªã ƒë∆° m√°y . c√≥ b·ªã nh∆∞ m√¨nh kh√¥ng,4 th√°ng
Laptop Asus Vivobook Go 15 E1504FA R5 7520U/16GB/512GB/Chu·ªôt/Win11 (NJ776W),12590000.0,Huy,5,"s·∫£n ph·∫©m x√†i r·∫•t t·ªët , nh√¢n vi√™n t∆∞ v·∫•n c≈©ng nhi·ªát t√¨nh",2 ng√†y
Laptop Asus Vivobook Go 15 E1504FA R5 7520U/16GB/512GB/Chu·ªôt/Win11 (NJ776W),12590000.0,M·∫´n,5,T·ªët,1 th√°ng
Laptop Asus Vivobook Go 15 E1504FA R5 7520U/16GB/512GB/Chu·ªôt/Win11 (NJ776W),12590000.0,NGUYEN THI THANH BACH,1,M√°y m·ªõi mua c√≥ 5ngay ch·ªâ coi phim n√†y 1h m√† nay m·ªü m√°y ƒë√®n th√¨ s√°ng m√† m√†n h√¨nh kh l√™n,4 ng√†y
Laptop Asus Vivobook Go 15 E1504FA R5 7520U/16GB/512GB/Chu·ªôt/Win11 (NJ776W),12590000.0,ƒê·ªó Th·ªã H√≤a B√¨nh,4,"M√°y ch·∫°y m∆∞·ª£t, nhanh, ƒë·∫πp. Ch·ªâ m·∫•t ƒëi·ªÉm l√† m√°y nhanh h·∫øt pin v√† nhanh b·ªã n√≥ng m√°y.",1 tu·∫ßn
Laptop Asus Vivobook X1404ZA i5 1235U/16GB/512GB/Win11 (NK376W),14590000.0,Vi Nguy·ªát H·∫±ng,1,"S·∫£n ph·∫©m qu√° t·ªá, kh√°ch h·ªèi mua sp t·ª´ 1518tr th√¨ gi·ªõi thi·ªáu lo·∫°i n√†y. Mua v·ªÅ d√πng ƒëc 20 ng√†y th√¨ gi·∫≠t lag, chu·ªôt b√†n ph√≠m t·ª± di chuy·ªÉn, t·ª± nh√°y t·ª± gi·∫≠t. Ra c·ª≠a h√†ng th√¨ nv b·∫£o do ph m·ªÅm ch·∫°y l·∫°i ph m·ªÅm ƒëem ·ªÅ d√πng th·ª≠ r h√£ng mang ra ƒë·ªïi mua t·ª´ 12/8 ƒë·∫øn t·∫ßm 20/8 th·∫•y gi·∫≠t lag, do m∆∞a b√£o k th·ªÉ ƒëem ƒëi b·∫£o h√†nh ƒëc. H√¥m nay l√† 17/9 gi·∫≠t lag ƒëi√™n k l√†m n·ªïi b√†i t·∫≠p. H√¥m 12/8 nv v·ª´a kh·∫Øc ph·ª•c l·ªói ƒëc 2 h√¥m, d√πng th·∫•y v·∫´n bth nh·∫Øn h·ªèi xem c√≥ n√™n ƒë·ªïi lu√¥n k th√¨ b·∫£o k ph·∫£i do ph·∫ßn c·ª©ng ƒë√¢u, h√¥m sau l·∫°i gi·∫≠t lag gi·ªù h·∫øt h·∫°n ƒë·ªïi r·ªìi c√≤n ƒë√¢u, m√† m√¨nh nghƒ© lo·∫°i n√†y d·ªüm c√°i n√†o c≈©ng nh∆∞ th·∫ø. 14 tri·ªáu ch·ª© √≠t √† B√°n h√†ng kh√¥ng c√≥ t√¢m coi ti·ªÅn b·∫°c c·ªßa ng kh√°c l√† c·ªè r√°c √†, kh√¥ng th·ªÉ ch·ªãu n·ªïi. M√† gi·ªù ƒë·ªçc th·∫•y 1 ƒë√°nh gi√° b√™n d∆∞·ªõi c≈©ng b·ªã y chang v·∫≠y, m√¨nh d√πng qua v√†i lo·∫°i laptop r·ªìi c·∫£ lo·∫°i c√≥ 8 tri·ªáu c≈©ng k b·ªã gi·∫≠t lag nh∆∞ th·∫ø n√†y ƒë√¢u. K√™u do ph·∫ßn m·ªÅm M√† trong khi ƒë√≥ ch∆∞a t·ª± t·∫£i m·ªôt c√°i g√¨, ch·ªâ d√πng t√°c v·ª• c∆° b·∫£n.",1 th√°ng
Laptop Asus Vivobook X1404ZA i5 1235U/16GB/512GB/Win11 (NK376W),14590000.0,Ngo Hang,3,D√πng 3 th√°ng. B·ªã l·ªói h∆∞ ph·∫ßn c·ª©ng. H nh√¢n vi√™n n√≥i b·ªã l·ªói h∆∞ ph·∫ßn c·ª©ng. Ph·∫£i g·ª≠i v·ªÅ h√£ng s·ª≠a. M·ªçi ng mua m√°y trong th√°ng ƒë·∫ßu d√πng h·∫øt ch·ª©c nƒÉng c·ªßa m√°y. ƒê·ª´ng ƒë·ªÉ gi·ªëng t√¥i. K d√πng chu·ªôt lap. D√πng chu·ªôt r·ªùi. H m·ªõi ph√°t hi·ªán th√¨ mu·ªôn r·ªìi. G·ª≠i v·ªÅ h√£ng th√¨ k c√≥ m√°y d√πng. K g·ª≠i th√¨ t·ª± m√¨nh ch·ªãu m√°y b·ªã h∆∞,3 th√°ng
Laptop Asus Vivobook X1404ZA i5 1235U/16GB/512GB/Win11 (NK376W),14590000.0,Tr·∫ßn V≈© Phong,1,"T·ªá, m·ªôt tr·∫£i nghi·ªám c·ª±c k√¨ t·ªá",1 th√°ng
Laptop Asus Vivobook X1404ZA i5 1235U/16GB/512GB/Win11 (NK376W),14590000.0,Nam,5,"D√πng ·ªïn, pin c≈©ng ƒë∆∞·ª£c kho·∫£ng g·∫ßn 4 ti·∫øng. N·∫øu ch·ªâ d√πng vƒÉn ph√≤ng th√¨ ch·∫°y m∆∞·ª£t c√°c t√°c v·ª•.",1 tu·∫ßn
Laptop Asus Vivobook 15 OLED A1505ZA i5 12500H/16GB/512GB/120Hz/Win11 (MA415W),16990000.0,Duy,5,qu√° ok,3 ng√†y
Laptop Asus Vivobook 15 OLED A1505ZA i5 12500H/16GB/512GB/120Hz/Win11 (MA415W),16990000.0,Qu√Ω,4,"M√†n h√¨nh r·∫•t ƒë·∫πp v√† n√©t ,120hz r·∫•t m∆∞·ª£t, m√°y kh·ªüi ƒë·ªông nhanh, lo h∆°i nh·ªè, touchpad r·ªông d√πng r·∫•t ∆∞ng thao t√°c d·ªÖ d√†ng, c·∫•u h√¨nh ·ªïn kh·ªüi ƒë·ªông nhanh, kh√° nh·∫π v√† m·ªèng d·ªÖ d√†ng mang ƒëi",2 tu·∫ßn
Laptop Asus Vivobook 15 OLED A1505ZA i5 12500H/16GB/512GB/120Hz/Win11 (MA415W),16990000.0,Ti·∫øn,4,D√πng t∆∞∆°ng ƒë·ªëi ·ªïn,3 ng√†y
Laptop Asus TUF Gaming A15 FA506NF R5 7535HS/16GB/512GB/4GB RTX2050/144Hz/Win11 (HN012W),16990000.0,Nguy·ªÖn ƒê·ª©c Anh,5,M√¨nh mu·ªën n√¢ng ·ªï SSD th√¨ l√†m nh∆∞ n√†o ·∫°,1 tu·∫ßn
Laptop Asus TUF Gaming A15 FA506NF R5 7535HS/16GB/512GB/4GB RTX2050/144Hz/Win11 (HN012W),16990000.0,Em T·ªõi,5,S·∫£n ph·∫©m r·∫•t t·ªët,1 tu·∫ßn
Laptop Asus TUF Gaming A15 FA506NF R5 7535HS/16GB/512GB/4GB RTX2050/144Hz/Win11 (HN012W),16990000.0,H·ªì M·∫≠u Th∆∞∆°ng,4,T·ªët,1 tu·∫ßn
Laptop Acer Aspire 3 A315 510P 32EF i3 N305/8GB/256GB/Win11 (NX.KDHSV.001),16173535.108958839,Tr·∫ßn Vi·∫øt D≈©ng,5,M√°y ƒë·∫πp d√πng r·∫•t t·ªët,1 th√°ng
Laptop Acer Aspire 3 A315 510P 32EF i3 N305/8GB/256GB/Win11 (NX.KDHSV.001),16173535.108958839,Nguy·ªÖn T·∫•n Tri·ªáu,1,T√¥i mua hi·ªáu m√°y n√†y ƒë∆∞·ª£c 4 th√°ng nh∆∞ng s·ª± d·ª•ng 2 th√°ng th√¨ ƒë√£ h∆∞ ph·∫ßn c·∫£m ·ª©ng v√† ƒë√£ ƒëi b·∫£o h√†nh. Nh∆∞ng v·ªÅ s·ª≠ d·ª•ng t√¢m t·ª´ m·ªôt ƒë·∫øn hai gi·ªù ƒë·ªìng h·ªì l√† c·∫£m ·ª©ng b·ªã ƒë∆° ƒëi chuy·ªÉn kh√¥ng phuong h∆∞·ªõng. Mong c·ª≠a h√†ng v√† h√£ng c√≥ bi·ªán Ph√°p kh·∫Øc ph·ª•c cho kh√°ch h√†ng.,3 th√°ng
Laptop Asus Vivobook X1404ZA i3 1215U/8GB/512GB/Win11 (NK246W),10290000.0,Dungthu,3,·ªîn nh∆∞ng pin y·∫øu qu√°,4 th√°ng
Laptop Asus Vivobook X1404ZA i3 1215U/8GB/512GB/Win11 (NK246W),10290000.0,Nguy·ªÖn Ch√≠ Nguy·ªán,5,·ªîn,1 tu·∫ßn
Laptop Asus Vivobook X1404ZA i3 1215U/8GB/512GB/Win11 (NK246W),10290000.0,Nguy·ªÖn H·ªØu H∆∞ng,4,Ok,1 tu·∫ßn
Laptop Asus Vivobook X1404ZA i3 1215U/8GB/512GB/Win11 (NK246W),10290000.0,Phan T·∫•n Duy,5,"M√°y ch·∫°y nhanh, m∆∞·ª£t, c·∫£m bi·∫øn v√¢n tay ti·ªán d·ª•ng, nh·∫•t l√† v√≥i Windows 11, n√≥i chung s·ª≠ d·ª•ng vƒÉn ph√≤ng, game nh·∫π, l∆∞·ªõt web t·ªët. ƒê√°ng mua",2 th√°ng
Laptop Asus Vivobook X1404ZA i3 1215U/8GB/512GB/Win11 (NK246W),10290000.0,Giang,1,M√°y m·ªõi mua v·ªÅ ch∆∞a s√†i g√¨ nhi·ªÅu th√¨ chu·ªôt gi·∫≠t ch·∫°y lung tung t·∫Øt m√°y m·ªü l√™n v·∫´n v·∫≠y ƒëem ra ki·ªÉm tra nh√¢n vi√™n b·∫£o m√°y t·∫ßm trung n√™n n√≥ nh∆∞ v·∫≠y ch·ªãu kh√≥ s√†i n√≥i th·∫ø ch·ªãu lu√¥n,2 tu·∫ßn
Laptop Asus Vivobook X1404ZA i3 1215U/8GB/512GB/Win11 (NK246W),10290000.0,TR·ªäNH TH·ªä PH∆Ø∆†NG TH√öY,2,M√°y mua ƒëc 1 tu·∫ßn l·ªói ghi √¢m r√® l√∫c ƒëc l√∫c ko. Mang m√°y qua b·∫£o h√†nh g·ªçi t·ªïng ƒë√†i th√¨ tr·∫£ l·ªùi h·ªùi h·ª£t b√°o l·ªói win m√† win b·∫£n quy·ªÅn.,2 tu·∫ßn
Laptop Asus Vivobook X1404ZA i3 1215U/8GB/512GB/Win11 (NK246W),10290000.0,C√¥ng Ty TNHH May V·∫°n H√†,5,Ok,2 tu·∫ßn
Laptop Asus Vivobook X1404ZA i3 1215U/8GB/512GB/Win11 (NK246W),10290000.0,Em √Ånh,3,"Mua m√°y ƒë∆∞·ª£c 2 tu·∫ßn nh∆∞ng toughpad hay b·ªã l·ªói, m√°y m·ªü m·∫≠t kh·∫©u xong ƒëen thui",2 tu·∫ßn
Laptop Asus Vivobook X1404ZA i3 1215U/8GB/512GB/Win11 (NK246W),10290000.0,Nguy·ªÖn Th·ªã G·∫•m,5,T·ªët,1 tu·∫ßn
Laptop Asus Vivobook X1404ZA i3 1215U/8GB/512GB/Win11 (NK246W),10290000.0,Anh Buol,4,T·ªët,1 tu·∫ßn
Laptop Acer Aspire 3 A315 510P 32EF i3 N305/8GB/256GB/Win11 (NX.KDHSV.001),16173535.108958839,Anh l√† N,5,"Asus qu√° tuy·ªát v·ªùi.ƒê·∫πp, m·∫°nh m·∫Ω, nam t√≠nh. M√°y √™m m∆∞·ª£t v·ªõi game c·∫•u h√¨nh n·∫∑ng Fifa online, vv.. Trong t·∫ßm t√†i ch√≠nh ph·ª•c v·ª• gi·∫£i tr√≠ th√¨ Ae n√™n mua. Ae mua th√™m chu·ªôt + b√†n ph√≠m asus l√† chu·∫©n b·ªô nh√© .Store 1521 hu·ª≥nh t·∫•n ph√°t q7, Good job",5 ng√†y
Laptop Asus Vivobook 15 X1504VA i5 1335U/8GB/512GB/Win11 (NJ025W),13990000.0,Nam,3,B√™n m√¨nh cho em h·ªèi l√† ƒëang trong th·ªùi gian b·∫£o h√†nh th√¨ m√¨nh c√≥ ƒë∆∞·ª£c thay m·ªõi b·ªô s·∫°c ƒëi k√®m m√°y khi m√† b·ªô s·∫°c c≈© ƒë√£ h·ªèng kh√¥ng ·∫°,1 nƒÉm
Laptop Asus Vivobook 15 X1504VA i5 1335U/8GB/512GB/Win11 (NJ025W),13990000.0,Tuy·ªÅn,4,T·ªët,1 tu·∫ßn
Laptop Asus Vivobook 15 X1504VA i5 1335U/8GB/512GB/Win11 (NJ025W),13990000.0,Anh C·∫£nh,3,mua dc 2 tu·∫ßn thi m√°y b·ªã l·ªói c·∫£m ·ª©ng chu·ªôt v√† ƒë√£ dc ƒë·ªïi m·ªõi,2 tu·∫ßn
Laptop Asus Vivobook 15 X1504VA i5 1335U/8GB/512GB/Win11 (NJ025W),13990000.0,Anh L√¢m,5,Okie,2 tu·∫ßn
Laptop Asus Vivobook 15 X1504VA i5 1335U/8GB/512GB/Win11 (NJ025W),13990000.0,Ho√†ng Di·ªáu Th√πy,3,"mua ƒë∆∞·ª£c h∆°n 2 th√°ng, kh√¥ng hi·ªÉu sao kh√¥ng c√†i ƒë∆∞·ª£c g√µ ti·∫øng trung",2 th√°ng
Laptop Asus Vivobook 15 X1504VA i5 1335U/8GB/512GB/Win11 (NJ025W),13990000.0,L√¢m M·ªπ Ph·ª•ng,1,"Ph√°t hi·ªán ra m√°y b·ªã l·ªói ƒëem t·ªõi c·ª≠a h√†ng g·ª≠i 8 ng√†y b√°o m√°y k b·ªã g√¨ h·∫øt ,ƒëem v·ªÅ s·ª≠ d·ª•ng v·∫´n b·ªã l·ªói",1 th√°ng
Laptop Asus Vivobook 15 X1504VA i5 1335U/8GB/512GB/Win11 (NJ025W),13990000.0,Tr·∫ßn Th·ªã V√¢n Ng·ªçc,3,T√¥i kh√¥ng nh·∫≠p ƒë∆∞·ª£c b√†n ph√≠m s·ªë tr√™n khi ƒë·ªÉ ti·∫øng vi·ªát,6 ng√†y
Laptop Asus Vivobook 15 X1504VA i5 1335U/8GB/512GB/Win11 (NJ025W),13990000.0,Nguy·ªÖn Giang Lam,4,s·∫°c nhanh ƒë·∫πp 10ƒë,1 tu·∫ßn
Laptop Asus Vivobook 15 X1504VA i5 1335U/8GB/512GB/Win11 (NJ025W),13990000.0,L√™ Th√†nh B·∫£o,5,M√°y ch·∫°y r·∫•t m∆∞·ª£t v√† th√≠ch h·ª£p cho nhi·ªÅu m·ª•c ƒë√≠ch,1 tu·∫ßn
Laptop Asus Vivobook 15 X1504VA i5 1335U/8GB/512GB/Win11 (NJ025W),13990000.0,Hue,4,M·ªõi th√¨ d√πng ok ƒë·ªÉ d√πng th√™m 1 th·ªùi gian xem th√™ n√†o.,4 ng√†y
Laptop Asus Vivobook 15 X1504VA i5 1335U/8GB/512GB/Win11 (NJ025W),13990000.0,V√µ Ho√†ng Phi,5,"M√°y s·ª≠ d·ª•ng r·∫•t ok.
Qu·∫£n l√Ω v√† nh√¢n vi√™n r·∫•t th√¢n thi·ªán, d·ªÉ th∆∞∆°ng",3 ng√†y
Laptop Asus Vivobook 15 X1504VA i5 1335U/8GB/512GB/Win11 (NJ025W),13990000.0,Nguy·ªÖn Th√†nh C√¥ng,5,"m√°y t√≠nh ƒë·∫πp, s√†i c≈©ng t·ªët, n√≥i chung l√† OK. khuy·∫øn kh√≠ch cho 5 sao",2 ng√†y
Laptop Asus Vivobook 15 X1504VA i5 1335U/8GB/512GB/Win11 (NJ025W),13990000.0,An,4,M√°y m√†u ƒë·∫πp x√†i ·ªïn so v·ªõi t·∫ßm gi√°,2 ng√†y
Laptop Asus Vivobook 15 X1504VA i5 1335U/8GB/512GB/Win11 (NJ025W),13990000.0,QU·ª≤NH NH∆Ø,5,S√†i r·∫•t t·ªët ·∫°,2 ng√†y
Laptop Asus Vivobook 15 X1504VA i5 1335U/8GB/512GB/Win11 (NJ025W),13990000.0,ƒêinh Ng·ªçc C·∫©m T√∫,4,T·ªët,1 th√°ng
Laptop Asus Vivobook 15 X1504VA i5 1335U/8GB/512GB/Win11 (NJ025W),13990000.0,Tr·∫ßn H·ªØu Th√™m,4,T·ªët,2 tu·∫ßn
Laptop Asus Vivobook 15 X1504VA i5 1335U/8GB/512GB/Win11 (NJ025W),13990000.0,V≈© Th·ªã Ng·ªçc B√≠ch,3,T·ªët,1 th√°ng
Laptop Asus Vivobook 15 X1504VA i5 1335U/8GB/512GB/Win11 (NJ025W),13990000.0,L·ª•c Thu Trang,5,T·ªët,1 tu·∫ßn
Laptop Asus Vivobook 15 X1504VA i5 1335U/8GB/512GB/Win11 (NJ025W),13990000.0,Trang,4,T·ªët,1 tu·∫ßn
Laptop Asus Vivobook 15 OLED A1505VA i5 13500H/16GB/512GB/Chu·ªôt/Win11 (L1341W),17490000.0,Duy√™n,2,"Em xem m√¥ t·∫£ v√† nghe c·∫£ nv t∆∞ v·∫•n l√† ch·∫°y photoshop ƒë∆∞·ª£c m√† v·ªÅ d√πng pts c·ª© b·ªã ƒë·ª©ng, xong 1 h·ªìi out lu√¥n app d√π em th∆∞·ªùng xuy√™n d·ªçn r√°c v√† c√≤n t·∫Øt c√°c c·ª≠a s·ªë k li√™n quan kh√°c r·ªìi m√† v·∫´n b·ªã. Bu·ªìn th·ª±c s·ª±",3 th√°ng
Laptop Asus Vivobook 15 OLED A1505VA i5 13500H/16GB/512GB/Chu·ªôt/Win11 (L1341W),17490000.0,Chuy√™n,4,"M√°y d√πng kh√° l√† ok, m√†n h√¨nh ƒë·∫πp.Ch·ªâ t·ªá c√°i l√† ch·ªâ c√†i ƒë∆∞·ª£c win 11 n√™n nhi·ªÅu l·ªói v·∫∑t t·ª´ h·ªá ƒëi·ªÅu h√†nh.Win 10 h·∫øt cho c√†i r·ªìi.",1 tu·∫ßn
Laptop Asus Vivobook 15 OLED A1505VA i5 13500H/16GB/512GB/Chu·ªôt/Win11 (L1341W),17490000.0,Tuy√™n,5,"ƒê√£ mua em n√†y, ƒë·ªïi t·ª´ macbook m1 qua, s√†i th·∫•y m√†n h√¨nh ƒë·∫πp n√©t, c·∫•u h√¨nh m·∫°nh .",1 ng√†y
Laptop Asus Vivobook 15 OLED A1505VA i5 13500H/16GB/512GB/Chu·ªôt/Win11 (L1341W),17490000.0,Hu·ª≥nh quang ti·∫øn,5,nice,1 tu·∫ßn
Laptop Asus Vivobook 15 OLED A1505VA i5 13500H/16GB/512GB/Chu·ªôt/Win11 (L1341W),17490000.0,H·ªí C√îNG T√ÇM,5,"M√¨nh c√≥ th·ªÉ d·ªÖ d√†ng mang theo m√°y ƒëi h·ªçc, ƒëi l√†m hay ƒëi c√† ph√™ m√† kh√¥ng c·∫£m th·∫•y n·∫∑ng n·ªÅ. M√°y c≈©ng ƒë∆∞·ª£c trang b·ªã nhi·ªÅu c·ªïng k·∫øt n·ªëi ƒëa d·∫°ng, gi√∫p m√¨nh k·∫øt n·ªëi v·ªõi c√°c thi·∫øt b·ªã ngo·∫°i vi kh√°c m·ªôt c√°ch d·ªÖ d√†ng. M√†u s·∫Øc hi·ªÉn th·ªã r·ª±c r·ª°, s·ªëng ƒë·ªông, ƒë·ªô ƒëen s√¢u v√† chi ti·∫øt hi·ªÉn th·ªã s·∫Øc n√©t. Nh·ªù v·∫≠y, m√¨nh c√≥ th·ªÉ t·∫≠n h∆∞·ªüng nh·ªØng b·ªô phim bom t·∫•n hay nh·ªØng t·ª±a game y√™u th√≠ch m·ªôt c√°ch tr·ªçn v·∫πn nh·∫•t. Ph·ª•c v·ª• c·ªßa nv b√°n h√†ng cunxg kh√° nhi·ªát t√¨nh nha.",6 ng√†y
Laptop Asus Vivobook 15 OLED A1505VA i5 13500H/16GB/512GB/Chu·ªôt/Win11 (L1341W),17490000.0,L√™ S·ªπ L√¢m,5,M√°y t·ªët trong t·∫ßm gi√°,1 tu·∫ßn
Laptop Asus Vivobook 15 OLED A1505VA i5 13500H/16GB/512GB/Chu·ªôt/Win11 (L1341W),17490000.0,Huy,5,"M√°y kh·ªüi ƒë·ªông nhanh, m√†ng h√¨nh ƒë·∫πp, ch·∫°y kh√¥ng th·∫•y b·ªã n√≥ng",1 ng√†y
Laptop Asus Vivobook 15 OLED A1505VA i5 13500H/16GB/512GB/Chu·ªôt/Win11 (L1341W),17490000.0,Nguy·ªÖn M·∫°nh To√†n,5,m√¨nh mu·ªën n√¢ng ram l√™n 24 th√¨ n√™n mang ƒëi ƒë√¢u v√† n√¢ng xong th√¨ c√≤n b·∫£o h√†nh k,3 th√°ng
Laptop Asus Vivobook 15 OLED A1505VA i5 13500H/16GB/512GB/Chu·ªôt/Win11 (L1341W),17490000.0,Ch·ªã T∆∞∆°i,1,Wifi k·∫øt n·ªëi ch·∫≠mLoa nh·ªèK c√≥ t·ªï h·ª£p ƒë√®n b√†n ph√≠m b·∫•t ti·ªán cho ng∆∞·ªùi d√πngkh√¥ng b·∫≠t ƒë∆∞·ª£c ƒë√®n b√†n ph√≠m,6 ng√†y
Laptop Asus Vivobook 15 OLED A1505VA i5 13500H/16GB/512GB/Chu·ªôt/Win11 (L1341W),17490000.0,b√πi trung d≈©ng,5,T·ªët,1 tu·∫ßn
Laptop Asus Vivobook 15 OLED A1505VA i5 13500H/16GB/512GB/Chu·ªôt/Win11 (L1341W),17490000.0,Ph·∫°m Ph√∫ Th·∫°nh,5,sao m√¨nh kh√¥ng th·ªÉ k·∫øt n·ªëi wifi ƒë∆∞·ª£c v·∫≠y ·∫°,1 ng√†y
Laptop Asus Vivobook 15 OLED A1505VA i5 13500H/16GB/512GB/Chu·ªôt/Win11 (L1341W),17490000.0,Nguy·ªÖn Th·ªã H·ªìng Th·∫Øm,5,M∆°i thi th√¢y ·ªïn..tg nua se danh gia them ·∫°,1 tu·∫ßn
Laptop Asus Vivobook 15 OLED A1505VA i5 13500H/16GB/512GB/Chu·ªôt/Win11 (L1341W),17490000.0,L√™ Thi√™n Ho√†ng,5,m√°y x√†i r·∫•t t·ªët,1 ng√†y
Laptop Asus Vivobook 15 OLED A1505VA i5 13500H/16GB/512GB/Chu·ªôt/Win11 (L1341W),17490000.0,Nguy·ªÖn VƒÉn D≈©ng,1,M√°y ƒëang b·ªã l·ªói loa b·∫£o h√†nh l√¢u,1 th√°ng
Laptop Asus Vivobook 15 OLED A1505VA i5 13500H/16GB/512GB/Chu·ªôt/Win11 (L1341W),17490000.0,B√πi Th·ªã Thanh Tuy·ªÅn,2,loa nh·ªè ch·∫°y ch·∫≠m l√¢u l√¢u k nh·∫°y m·ªôt tr·∫£i nghi·ªám t·ªá ƒë√°ng nh·ªõ,1 tu·∫ßn
Laptop Asus Vivobook 15 OLED A1505VA i5 13500H/16GB/512GB/Chu·ªôt/Win11 (L1341W),17490000.0,ƒê·ªó Th·ªã Ng·ªçc Ch√¢m,5,T·ªët,1 tu·∫ßn
Laptop Asus Vivobook 15 OLED A1505VA i5 13500H/16GB/512GB/Chu·ªôt/Win11 (L1341W),17490000.0,Nguy·ªÖn ƒê√¨nh T·ªõi,5,T·ªët,3 th√°ng
Laptop Asus Vivobook 15 OLED A1505VA i5 13500H/16GB/512GB/Chu·ªôt/Win11 (L1341W),17490000.0,Ho√†ng Thanh Tr√∫c,4,T·ªët,1 th√°ng
Laptop Asus Vivobook 15 OLED A1505VA i5 13500H/16GB/512GB/Chu·ªôt/Win11 (L1341W),17490000.0,Ho√†ng VƒÉn Th√°i,5,T·ªët,3 tu·∫ßn
Laptop Asus Vivobook 15 OLED A1505VA i5 13500H/16GB/512GB/Chu·ªôt/Win11 (L1341W),17490000.0,Uy√™n,4,T·ªët,1 tu·∫ßn
Laptop Asus TUF Gaming F15 FX507ZC4 i5 12500H/16GB/1TB/4GB RTX3050/144Hz/Win11 (HN229W),20990000.0,Mai Trung Ki√™n,3,Xin c√°ch ƒë·ªïi m√†u b√†n ph√≠m,1 ng√†y
Laptop Asus TUF Gaming F15 FX507ZC4 i5 12500H/16GB/1TB/4GB RTX3050/144Hz/Win11 (HN229W),20990000.0,Tr·∫ßn L√™ Ph√°p,4,s·∫£n ph·∫©m t·ªët,1 tu·∫ßn
Laptop Asus TUF Gaming F15 FX507ZC4 i5 12500H/16GB/1TB/4GB RTX3050/144Hz/Win11 (HN229W),20990000.0,Tr·∫ßn Thanh Th·∫ø,4,"T√†m t·∫°m, l√¢u l√¢u b·ªã ƒë∆° x√≠u.",2 tu·∫ßn
Laptop Asus TUF Gaming F15 FX507ZC4 i5 12500H/16GB/1TB/4GB RTX3050/144Hz/Win11 (HN229W),20990000.0,Duy Khang,5,T∆∞·ªüng gaming n·∫∑ng nh∆∞ng m√°y n√†y nh·∫π. Sd m∆∞·ª£t l·∫Øm. M√†n nh∆∞ng FHD nh∆∞ng m√°y n√†y m√†u ƒë·∫πp ko nh·ª£t. N√≥i chung th·∫•y ok.,1 ng√†y
Laptop Asus TUF Gaming F15 FX507ZC4 i5 12500H/16GB/1TB/4GB RTX3050/144Hz/Win11 (HN229W),20990000.0,VƒÉn,3,Th·ªânh tho·∫£ng b·ªã ƒë∆°,1 tu·∫ßn
Laptop Asus TUF Gaming F15 FX507ZC4 i5 12500H/16GB/1TB/4GB RTX3050/144Hz/Win11 (HN229W),20990000.0,Ngoc,2,"mua ƒë∆∞·ª£c 1 tu·∫ßn, m√°y n√≥ng, log in ch·∫≠m, l√¢u l√¢u b·ªã ƒë∆°",1 tu·∫ßn
Laptop Asus TUF Gaming F15 FX507ZC4 i5 12500H/16GB/1TB/4GB RTX3050/144Hz/Win11 (HN229W),20990000.0,ƒê√†o Duy H√πng,3,M√¨nh ch∆∞a d√πng h·∫øt t√≠nh nƒÉng n√™n c≈©ng kh√¥ng bi·∫øt,1 tu·∫ßn
Laptop Asus TUF Gaming F15 FX507ZC4 i5 12500H/16GB/1TB/4GB RTX3050/144Hz/Win11 (HN229W),20990000.0,Nguy·ªÖn H·ªØu Ti·∫øn,4,"M√°y x√†i kh·ªüi ƒë·ªông h∆°n ch·∫≠m cho d√π ch∆∞a c√†i g√¨ nhi·ªÅu. M√°y m·ªõi mua 21.990.000d m√† gi·ªù gi·∫£m c√≤n 20.990.000d r·ªìi, th·∫≠t ƒëau l√≤ng D",7 ng√†y
Laptop Asus TUF Gaming F15 FX507ZC4 i5 12500H/16GB/1TB/4GB RTX3050/144Hz/Win11 (HN229W),20990000.0,Nguy·ªÖn VƒÉn Long,5,Tuy·ªát v·ªùi,1 tu·∫ßn
Laptop Asus TUF Gaming F15 FX507ZC4 i5 12500H/16GB/1TB/4GB RTX3050/144Hz/Win11 (HN229W),20990000.0,Ph√∫c,3,Hi·ªán t·∫°i v·∫´n ·ªïn,1 tu·∫ßn
Laptop Asus TUF Gaming F15 FX507ZC4 i5 12500H/16GB/1TB/4GB RTX3050/144Hz/Win11 (HN229W),20990000.0,Hi·ªáp,4,T·ªët,2 tu·∫ßn
Laptop Asus TUF Gaming F15 FX507ZC4 i5 12500H/16GB/1TB/4GB RTX3050/144Hz/Win11 (HN229W),20990000.0,Anh Ph∆∞∆°ng,5,T·ªët,1 tu·∫ßn
Laptop Asus TUF Gaming F15 FX507ZC4 i5 12500H/16GB/1TB/4GB RTX3050/144Hz/Win11 (HN229W),20990000.0,Ph·∫°m Nguy·ªÖn Kh·∫£ V√¢n,5,T·ªët,1 tu·∫ßn
Laptop Acer Aspire 3 A315 510P 32EF i3 N305/8GB/256GB/Win11 (NX.KDHSV.001),16173535.108958839,tr·∫ßn th·ªã t∆∞·ªùng vy,3,sao m√°y ƒë·ªÉ tr√™n web win 11 m√† e mua v·ªÅ xem thi ch·ªâ 10 ·∫°,2 th√°ng
Laptop Acer Aspire 3 A315 510P 32EF i3 N305/8GB/256GB/Win11 (NX.KDHSV.001),16173535.108958839,Vinh,4,M√°y t·ªët d√πng r·∫•t m∆∞·ª£t,1 tu·∫ßn
Laptop Acer Aspire 3 A315 510P 32EF i3 N305/8GB/256GB/Win11 (NX.KDHSV.001),16173535.108958839,Tr∆∞∆°ng B√≠ch Ng·ªçc,3,"Em mua m√°y ƒë·∫ßu th√°ng 9/2023. Hi·ªán m√°y c√≥ hi·ªán t∆∞·ª£ng kh√¥ng c·∫ßm pin, n√≥ng ·ªü n√∫t ngu·ªìn. V√† b·ªã l·ªói window hello. C·ªßa h√†ng c√≥ h·ªó tr·ª£ gi·∫£i ƒë√°p v√† kh√°c ph·ª•c n·∫øu n√≥ l√† l·ªói gi√∫p em ƒë∆∞·ª£c kh√¥ng ·∫°.",9 th√°ng
Laptop Acer Aspire 3 A315 510P 32EF i3 N305/8GB/256GB/Win11 (NX.KDHSV.001),16173535.108958839,pnk,5,"m√°y d√πng ·ªïn ·∫°, pin 0 kh·ªèe m·∫•y thui nma e 0 bi·∫øt ch∆°i m·∫•y game n·∫∑ng n√™n v l√† oki r√πiƒë√£ d√πng t·ª´ t10/2023",7 th√°ng
Laptop Acer Aspire 3 A315 510P 32EF i3 N305/8GB/256GB/Win11 (NX.KDHSV.001),16173535.108958839,Nguyen Quoc Tung,5,h√†ng ok ·∫°. m√°y ch·∫°y tr∆°n tu·ªìn tu·ªôt + m√°t.,2 tu·∫ßn
Laptop Acer Aspire 3 A315 510P 32EF i3 N305/8GB/256GB/Win11 (NX.KDHSV.001),16173535.108958839,Nguy·ªÖn Th·ªã Th·∫£o Linh,4,"Sp nh·ªè, g·ªçn, ti·ªán l·ª£i",2 tu·∫ßn
Laptop Asus Vivobook 15 X1504VA i7 1355U/16GB/512GB/Win11 (NJ023W),18690000.0,L√™ thanh h√≤a,1,Sao m·ªõi mua m√† l·ªói tuochpad r√πi,1 ng√†y
Laptop Asus Vivobook 15 X1504VA i7 1355U/16GB/512GB/Win11 (NJ023W),18690000.0,Nguy·ªÖn Ph√∫c H∆∞ng,2,"M√¨nh mua con m√°y n√†y d√πng ƒë∆∞·ª£c 1 tu·∫ßn th√¨ touchPad c·ªßa m√°y c√≥ d·∫•u hi·ªáu b·ªã ƒë∆°. M√¨nh ƒë√£ y√™u c·∫ßu ƒë·ªïi m√°y v√† n√≥ ti·∫øp t·ª•c b·ªã ƒë∆° ti·∫øp t·ª•c. ƒê∆° ƒë·∫øn n·ªëi m√¨nh kh√¥ng s·ª≠ d·ª•ng ƒë∆∞·ª£c chu·ªôt. B√™n m√¨nh cho m√¨nh h·ªèi l√Ω do t·∫°i sao v·ªõi ·∫° m√¨nh ƒë√£ update win v·ªõi l√†m c√°c thao t√°c ƒë·ªÉ ch·ªânh touchPad c·ªßa chu·ªôt gi·∫£m ƒë∆° h·∫øt r·ªìi, nh∆∞ng m√† kh√¥ng c√≥ hi·ªáu qu·∫£",2 tu·∫ßn
Laptop Asus Vivobook 15 X1504VA i7 1355U/16GB/512GB/Win11 (NJ023W),18690000.0,Nh∆∞,4,D·∫° cho e h·ªèi l√† con chu·ªôt tr√™n m√°y e n√≥ hong hi·ªán th·ªã n·ªØa th√¨ l√†m sao ·∫°,2 th√°ng
Laptop Asus Vivobook 15 X1504VA i7 1355U/16GB/512GB/Win11 (NJ023W),18690000.0,Hu·ª≥nh Kim Y·∫øn,3,Mua ph·∫ßn m·ªÅm Microsoft b√™n m√¨nh gi√° bao nhi√™u v·∫≠y ·∫°.,2 th√°ng
Laptop Asus Vivobook 15 X1504VA i7 1355U/16GB/512GB/Win11 (NJ023W),18690000.0,TR·∫¶N TR√ç KI√äN,5,M√°y t·ªët sp ok nh√¢n vi√™n nhi·ªát t√¨nh chu ƒë√°o v√† t·∫≠n t√¨nh v·ªõi kh√°ch h√†ng,2 tu·∫ßn
Laptop Asus Vivobook 15 X1504VA i7 1355U/16GB/512GB/Win11 (NJ023W),18690000.0,H·∫£i,5,Ok.,1 tu·∫ßn
Laptop Asus Vivobook 15 X1504VA i7 1355U/16GB/512GB/Win11 (NJ023W),18690000.0,VƒÉn Th·ªã Ph∆∞∆°ng Uy√™n,5,T·ªët,4 ng√†y
Laptop Asus Vivobook 15 X1504VA i7 1355U/16GB/512GB/Win11 (NJ023W),18690000.0,Ph·∫°m ƒê√¨nh Tu·∫•n,4,Dich vu tot,3 ng√†y
Laptop Asus Vivobook 15 X1504VA i7 1355U/16GB/512GB/Win11 (NJ023W),18690000.0,Ch·ªã Thu·ª≥ Trang,2,M√°y r·∫•t hay h·ªã r·ªõt m·∫°ng v√† m√°y ch·∫°y ch·∫≠m,2 tu·∫ßn
Laptop Asus Vivobook 15 X1504VA i7 1355U/16GB/512GB/Win11 (NJ023W),18690000.0,C·∫©m thu,5,Ok,2 ng√†y
Laptop Asus Vivobook 15 X1504VA i7 1355U/16GB/512GB/Win11 (NJ023W),18690000.0,Anh Qu√≠,5,T·ªët,1 tu·∫ßn
Laptop Asus Vivobook 15 X1504VA i7 1355U/16GB/512GB/Win11 (NJ023W),18690000.0,ƒê∆∞·ªùng Ng·ªçc V√¢n Th·∫£o,3,T·ªët,1 tu·∫ßn
Laptop Dell Inspiron 15 3520 i5 1235U/16GB/512GB/120Hz/OfficeHS/KYHD/Win11,16490000.0,Trung,2,Nhanh h·∫øt pin. Ch·∫Øc ƒë∆∞·ª£c 3 ti·∫øng.,1 ng√†y
Laptop Dell Inspiron 15 3520 i5 1235U/16GB/512GB/120Hz/OfficeHS/KYHD/Win11,16490000.0,hu·ªá nguy·ªÖn,1,"m√°y m·ªõi mua, m·ªõi d√πng ƒë∆∞·ª£c 5,10 ph√∫t ƒë√£ n√≥ng m√°y, pin t·ª•t nhanh, d√πng ƒë∆∞·ª£c 1.5 ch·ªâ m·ªôt t√°c v·ª•, ƒë√£ ƒë·ªïi m√°y m·ªôt l·∫ßn v·∫´n v·∫≠y, ƒëi·ªán m√°y l√†m ƒÉn l·∫±ng nh·∫±ng, kh√¥ng gi·∫£i quy·∫øt ƒë∆∞·ª£c v·∫•n ƒë·ªÅ kh√°ch h√†ng khi·∫øu n·∫°i, ch∆∞a bao gi·ªù th·∫•y th·∫•t v·ªçng v·ªÅ ƒëi√™n m√°y nh∆∞ v·∫≠y,",1 th√°ng
Laptop Dell Inspiron 15 3520 i5 1235U/16GB/512GB/120Hz/OfficeHS/KYHD/Win11,16490000.0,Tr·∫ßn Trang,3,"V·ªè m√°y d·ªÖ b√°m v√¢n tay, m√°y nhanh h·∫øt pin.",4 tu·∫ßn
Laptop Dell Inspiron 15 3520 i5 1235U/16GB/512GB/120Hz/OfficeHS/KYHD/Win11,16490000.0,Anh Trung,4,"M√°y ki·ªÉu d√°ng ƒë·∫πp, g·ªçn, nh·∫π, giao di·ªán Win 11 ƒë·∫πp, sang, d√πng kh√° ok. Tuy nhi√™n, pin kh√° l√† n√≥ng, d√πng ƒë∆∞·ª£c 5 ph√∫t s·ªù v√†o m√°y l√† th·∫•y n√≥ng h·ªïi. M√¨nh mua v√† d√πng ƒë∆∞·ª£c 1 tu·∫ßn r·ªìi. N·∫øu v·ª´a m·ªü youtube v·ª´a l√†m vi·ªác th√¨ pin d√πng ƒë∆∞·ª£c kho·∫£ng 3.5 ti·∫øng ƒë·∫øn 4 ti·∫øng.",7 ng√†y
Laptop Dell Inspiron 15 3520 i5 1235U/16GB/512GB/120Hz/OfficeHS/KYHD/Win11,16490000.0,Anh Minh T√¢m,3,T·∫°m ·ªïn,1 tu·∫ßn
Laptop Dell Inspiron 15 3520 i5 1235U/16GB/512GB/120Hz/OfficeHS/KYHD/Win11,16490000.0,C√îNG TY TNHH M·ªòT TH√ÄNH VI√äN PHONG M·∫¨U,4,"M√°y d√πng kh·ªèe. Nh·∫π d·ªÖ c·∫ßm. C√≥ 1 v√†i ƒëi·ªÉm k ƒëu·ª£c ∆∞ng l·∫Øm ƒë√≥ l√† v·ªè nh·ª±a nh√°m b·∫©n kh√≥ lau, l·ªó tho√°t kh√≠ x·∫£ th·∫≥ng g√≥c ph·∫£i m√†n h√¨nh b√™n g√¢y n√≥ng m√†n h√¨nh.",2 th√°ng
Laptop Dell Inspiron 15 3520 i5 1235U/16GB/512GB/120Hz/OfficeHS/KYHD/Win11,16490000.0,Ch·ªã Hu·∫•n,5,s·∫£n ph·∫©m d√πng t·ªët,1 tu·∫ßn
Laptop Dell Inspiron 15 3520 i5 1235U/16GB/512GB/120Hz/OfficeHS/KYHD/Win11,16490000.0,V√µ Tr·∫ßn Ch√≠,3,E m·ªõi mua ƒë∆∞·ª£c m·∫•y ng√†y. M√† m·ªõi b·∫≠t m√°y l√™n c·ª° 5p l√† n√≥ n√≥ng kinh kh·ªßng. Gi·ªù li√™n h·ªá ƒëmx ki·ªÉn tra ƒë∆∞·ª£c kh√¥ng ad,6 ng√†y
Laptop Dell Inspiron 15 3520 i5 1235U/16GB/512GB/120Hz/OfficeHS/KYHD/Win11,16490000.0,Qu√°ch Th·ªã Ph∆∞·ª£ng,4,M·ªõi d√πng n√™n m·ªçi th·ª© th·∫•y ·ªïn.,1 tu·∫ßn
Laptop Dell Inspiron 15 3520 i5 1235U/16GB/512GB/120Hz/OfficeHS/KYHD/Win11,16490000.0,V≈© ƒê√¨nh Ch·∫•t,3,Win dung ko tien,2 tu·∫ßn
Laptop Dell Inspiron 15 3520 i5 1235U/16GB/512GB/120Hz/OfficeHS/KYHD/Win11,16490000.0,Tu·∫•n,5,T·ªët nhen.,3 tu·∫ßn
Laptop Dell Inspiron 15 3520 i5 1235U/16GB/512GB/120Hz/OfficeHS/KYHD/Win11,16490000.0,Thu H∆∞∆°ng,5,"Truy c·∫≠p nhanh, m√†n h√¨nh hd s·∫Øc n√©t",1 tu·∫ßn
Laptop Dell Inspiron 15 3520 i5 1235U/16GB/512GB/120Hz/OfficeHS/KYHD/Win11,16490000.0,Hu·ª≥nh D≈©ng,4,T·ªët,1 tu·∫ßn
Laptop Dell Inspiron 15 3520 i5 1235U/16GB/512GB/120Hz/OfficeHS/KYHD/Win11,16490000.0,Nguy·ªÖn ƒê√¨nh Thi,5,T·ªët,1 tu·∫ßn
Laptop Dell Inspiron 15 3520 i5 1235U/16GB/512GB/120Hz/OfficeHS/KYHD/Win11,16490000.0,L√™ vƒÉn t√πng,5,T·ªët,1 tu·∫ßn
Laptop Dell Inspiron 15 3520 i5 1235U/16GB/512GB/120Hz/OfficeHS/KYHD/Win11,16490000.0,Nguy·ªÖn Th·ªã M·∫øn,4,T·ªët,1 tu·∫ßn
Laptop Dell Inspiron 15 3520 i5 1235U/16GB/512GB/120Hz/OfficeHS/KYHD/Win11,16490000.0,V≈© ƒê·ª©c Ho√†ng,4,T·ªët,1 tu·∫ßn
Laptop Dell Inspiron 15 3520 i5 1235U/8GB/512GB/120Hz/OfficeHS/Win11 (i5U085W11BLU),15490000.0,L∆Ø∆†NG HO√ÄNG B·∫¢O KH√ÅNH,5,M√°y ch·∫°y √™m ko nghe ti·∫øng ·ªìn nh∆∞ c√°c b·∫°n kh√°c feedback ƒë√¢u ·∫°. N√™n mua v√† nh√¢n vi√™n ph·ª•c v·ª• nhi·ªát t√¨nh c√†i c√°c ph·∫ßn m·ªÅn m√¨nh c·∫ßn n·ªØa,1 tu·∫ßn
Laptop Dell Inspiron 15 3520 i5 1235U/8GB/512GB/120Hz/OfficeHS/Win11 (i5U085W11BLU),15490000.0,Nguy·ªÖn ƒë√¨nh Kh∆∞∆°ng,1,M·ªçi ng∆∞·ªùi l∆∞u √Ω l√∫c mua s·∫£n ph·∫©mKi·ªÉm tr·∫£ khuy·∫øn m√£i Kg l·∫•y m√°y tr√¢n b√†yƒê·ªÉ ph·∫£i g·∫∑p tr∆∞·ªùng h·ª£p nh∆∞ m√¨nh,2 ng√†y
Laptop Dell Inspiron 15 3520 i5 1235U/8GB/512GB/120Hz/OfficeHS/Win11 (i5U085W11BLU),15490000.0,Truong,5,TGDD n∆°i mua s·∫Øm ƒë√°ng tin c·∫≠y,2 th√°ng
Laptop Dell Inspiron 15 3520 i5 1235U/8GB/512GB/120Hz/OfficeHS/Win11 (i5U085W11BLU),15490000.0,H√† ƒê√¨nh D≈©ng,4,T·ªët,1 tu·∫ßn
Laptop Dell Inspiron 15 3520 i5 1235U/8GB/512GB/120Hz/OfficeHS/Win11 (i5U085W11BLU),15490000.0,Tr·∫ßn Tr·ªçng Nghƒ©a,4,T·ªët,1 tu·∫ßn
Laptop Dell Inspiron 15 3520 i5 1235U/8GB/512GB/120Hz/OfficeHS/Win11 (i5U085W11BLU),15490000.0,D∆∞∆°ng Th·ªã Th√∫y Loan,2,S·ª≠ d·ª•ng ƒë∆∞·ª£c 2 ng√†y ƒëang b·ªã ƒë·ª©ng m√°y.,2 ng√†y
Laptop Dell Inspiron 15 3520 i5 1235U/8GB/512GB/120Hz/OfficeHS/Win11 (i5U085W11BLU),15490000.0,Ho√†ng Anh,2,Pin k√©m qu√° d√πng dc. H∆°n 2 ti√™ng ah l√†m vƒÉn ph√≤ng ch·ª© k ph·∫£i xem video ah,1 tu·∫ßn
Laptop Dell Inspiron 15 3520 i5 1235U/8GB/512GB/120Hz/OfficeHS/Win11 (i5U085W11BLU),15490000.0,V≈® ƒê√åNH NGHƒ®A,5,Laptop d√πng r·∫•t t·ªët v√† ·ªïn ƒë·ªãnh,2 tu·∫ßn
Laptop Dell Inspiron 15 3520 i5 1235U/8GB/512GB/120Hz/OfficeHS/Win11 (i5U085W11BLU),15490000.0,Tr√†n VƒÉn Th√°i,2,Ch∆∞a t·ªët,1 tu·∫ßn
Laptop Dell Inspiron 15 3520 i5 1235U/8GB/512GB/120Hz/OfficeHS/Win11 (i5U085W11BLU),15490000.0,Phan T√∫ Nhi,5,M√°y ho·∫°t ƒë·ªông ·ªïn,1 tu·∫ßn
Laptop Dell Inspiron 15 3520 i5 1235U/8GB/512GB/120Hz/OfficeHS/Win11 (i5U085W11BLU),15490000.0,Nguy·ªÖn ƒê√¨nh Tuy·ªÉn,5,Tuy·ªát v·ªùi,1 ng√†y
Laptop Dell Inspiron 15 3520 i5 1235U/8GB/512GB/120Hz/OfficeHS/Win11 (i5U085W11BLU),15490000.0,Anh Ho√†n,4,T√¥t,1 tu·∫ßn
Laptop Dell Inspiron 15 3520 i5 1235U/8GB/512GB/120Hz/OfficeHS/Win11 (i5U085W11BLU),15490000.0,A Hu√¢n,4,D√πng m√°y h√†i l√≤ng,1 tu·∫ßn
Laptop Dell Inspiron 15 3520 i5 1235U/8GB/512GB/120Hz/OfficeHS/Win11 (i5U085W11BLU),15490000.0,Ph·∫°m Th·ªã √Åi V√¢n,4,M√°y ok,4 ng√†y
Laptop Dell Inspiron 15 3520 i5 1235U/8GB/512GB/120Hz/OfficeHS/Win11 (i5U085W11BLU),15490000.0,Nguy·ªÖn ƒê·ª©c Ng·ªçc,5,T·ªët,1 th√°ng
Laptop Dell Inspiron 15 3520 i5 1235U/8GB/512GB/120Hz/OfficeHS/Win11 (i5U085W11BLU),15490000.0,Th√∫y Ly,5,T·ªët,1 tu·∫ßn
Laptop Dell Inspiron 15 3520 i5 1235U/8GB/512GB/120Hz/OfficeHS/Win11 (i5U085W11BLU),15490000.0,L√™ Th·ªã Thu Uy√™n,4,T·ªët,1 tu·∫ßn
Laptop Dell Inspiron 15 3520 i5 1235U/8GB/512GB/120Hz/OfficeHS/Win11 (i5U085W11BLU),15490000.0,Em B√¨nh,5,T·ªët,7 ng√†y
Laptop Dell Inspiron 15 3520 i5 1235U/8GB/512GB/120Hz/OfficeHS/Win11 (i5U085W11BLU),15490000.0,Tr·∫ßn Duy H∆∞ng,5,T·ªët,1 tu·∫ßn
Laptop Dell Inspiron 15 3520 i5 1235U/8GB/512GB/120Hz/OfficeHS/Win11 (i5U085W11BLU),15490000.0,Tr·∫ßn Duy H∆∞ng,5,T·ªët,1 tu·∫ßn
Laptop Dell Vostro 15 3520 i5 1235U/8GB/512GB/120Hz/OfficeHS/Win11 (5M2TT2),15490000.0,Anh L√¢m,5,Ok,5 ng√†y
Laptop Dell Vostro 15 3520 i5 1235U/8GB/512GB/120Hz/OfficeHS/Win11 (5M2TT2),15490000.0,Tr∆∞∆°ng Th·ªã H∆∞∆°ng Giang,3,"M√°y nhanh n√≥ng, h·∫øt pin nhanh, t·∫ßm h∆°n 3 ti·∫øng ƒë√£ h·∫øt pin, v·ªè nh·ª±a d·ªÖ x∆∞·ªõc",1 tu·∫ßn
Laptop Dell Vostro 15 3520 i5 1235U/8GB/512GB/120Hz/OfficeHS/Win11 (5M2TT2),15490000.0,Ch·ªã Huy·ªÅn,3,T√¥i m·ªõi mua ƒë∆∞·ª£c 1 tu·∫ßn d√πng m∆∞·ª£t nh∆∞ng l·∫°i b·ªã n√≥ng c·∫£ tr√™n b√†n ph√≠m kh√¥ng bi·∫øt c√≥ ph·∫£i l√† v·∫•n ƒë·ªÅ b·∫•t th∆∞·ªùng kh√¥ng,5 ng√†y
Laptop Dell Vostro 15 3520 i5 1235U/8GB/512GB/120Hz/OfficeHS/Win11 (5M2TT2),15490000.0,Ch·ªã Huy·ªÅn,3,Ok,1 tu·∫ßn
Laptop Dell Vostro 15 3520 i5 1235U/8GB/512GB/120Hz/OfficeHS/Win11 (5M2TT2),15490000.0,Ti·∫øn,3,Pin h·∫øt qu√° nhanh,1 tu·∫ßn
Laptop Dell Vostro 15 3520 i5 1235U/8GB/512GB/120Hz/OfficeHS/Win11 (5M2TT2),15490000.0,Em Trinh,5,R·∫•t t·ªët,1 tu·∫ßn
Laptop Dell Vostro 15 3520 i5 1235U/8GB/512GB/120Hz/OfficeHS/Win11 (5M2TT2),15490000.0,Th·ªá,5,T√¥i d√πng m√°y nh·∫£n hi·ªáu Dell n√†y r·∫•t t·ªët v√† m∆∞·ª£t.,1 tu·∫ßn
Laptop Dell Vostro 15 3520 i5 1235U/8GB/512GB/120Hz/OfficeHS/Win11 (5M2TT2),15490000.0,ƒê·∫∑ng VƒÉn Th·ªõi,5,Ch·∫°y r·∫•t m∆∞·ª£t.,2 tu·∫ßn
Laptop Dell Vostro 15 3520 i5 1235U/8GB/512GB/120Hz/OfficeHS/Win11 (5M2TT2),15490000.0,Nguy·ªÖn T·∫•n C∆∞·ªùng,4,t·ªët,1 tu·∫ßn
Laptop Dell Vostro 15 3520 i5 1235U/8GB/512GB/120Hz/OfficeHS/Win11 (5M2TT2),15490000.0,NGUY·ªÑN H·ªÆU TH·∫¨T,4,"- M√°y ch·∫°y √™m, m∆∞·ª£t
- T√≠nh th·∫ßn ƒë√≥n ti·∫øp, ph·ª•c v·ª• c·ªßa nh√¢n vi√™n t·ªët",1 tu·∫ßn
Laptop Dell Vostro 15 3520 i5 1235U/8GB/512GB/120Hz/OfficeHS/Win11 (5M2TT2),15490000.0,Ch·ªã H·∫°nh,5,"Nh√¢n vi√™n gi·ªõi thi·ªáu m√°y r·∫•t t·ªët
T∆∞ v·∫•n nhi·ªát t√¨nh, d·ªÖ th∆∞∆°ng n·ªØa",1 tu·∫ßn
Laptop Dell Vostro 15 3520 i5 1235U/8GB/512GB/120Hz/OfficeHS/Win11 (5M2TT2),15490000.0,C√îNG TY TNHH TH∆Ø∆†NG M·∫†I D·ªäCH V·ª§ NAM KHANG MOTOR,5,ƒê√£ ch·ªânh s·ª≠a ch·ª©c nƒÉng Loa ok,1 tu·∫ßn
Laptop Dell Vostro 15 3520 i5 1235U/8GB/512GB/120Hz/OfficeHS/Win11 (5M2TT2),15490000.0,Tr·∫ßn Tu·∫•n Thi·ªán,4,T·ªët,1 tu·∫ßn
Laptop Dell Vostro 15 3520 i5 1235U/8GB/512GB/120Hz/OfficeHS/Win11 (5M2TT2),15490000.0,Nguy·ªÖn VƒÉn √öt Tuy√™n,3,Kh√¥ng c√≥ led b√†n ph√≠m,2 tu·∫ßn
Laptop Dell Vostro 15 3520 i5 1235U/8GB/512GB/120Hz/OfficeHS/Win11 (5M2TT2),15490000.0,C√¥ Dung,4,"Ho·∫°t ƒë·ªông m√°y ·ªïn ƒë·ªãnh, t√≠nh nƒÉng h·ªçt ƒë·ªông t·ªët",2 ng√†y
Laptop Dell Vostro 15 3520 i5 1235U/8GB/512GB/120Hz/OfficeHS/Win11 (5M2TT2),15490000.0,Nguy·ªÖn VƒÉn ƒê·∫ßy,2,Ch·ªâ t·∫∑ng c√≥ ba l√¥. Kh√¥ng t·∫∑ng chu·ªôt g√¨ c·∫£ t·ªá qu√°...,3 ng√†y
Laptop Dell Vostro 15 3520 i5 1235U/8GB/512GB/120Hz/OfficeHS/Win11 (5M2TT2),15490000.0,Ch·ªã Quy√™n,4,üòçüòç,2 ng√†y
Laptop Dell Vostro 15 3520 i5 1235U/8GB/512GB/120Hz/OfficeHS/Win11 (5M2TT2),15490000.0,ƒê√≠ch,4,T·ªët,4 tu·∫ßn
Laptop Dell Vostro 15 3520 i5 1235U/8GB/512GB/120Hz/OfficeHS/Win11 (5M2TT2),15490000.0,Thu Trang,3,T·ªët,1 tu·∫ßn
Laptop Dell Inspiron 15 3530 i7 1355U/16GB/512GB/2GB MX550/OfficeHS/Win11 (N3530I716W1),23990000.0,Trung,1,m√°y t√≠nh b·ªã ƒë∆° mi·∫øt,7 th√°ng
Laptop Dell Inspiron 15 3530 i7 1355U/16GB/512GB/2GB MX550/OfficeHS/Win11 (N3530I716W1),23990000.0,Hi·∫øn,2,Win 11 b·∫£n quy·ªÅn kem theo l·ªói t√πm lum. Kh√¥ng c√†i ƒë∆∞·ª£c Ph·∫ßn m·ªÅm,1 tu·∫ßn
Laptop Dell Inspiron 15 3530 i7 1355U/16GB/512GB/2GB MX550/OfficeHS/Win11 (N3530I716W1),23990000.0,Huy·ªÅn,4,M√°y sd b·ªã n√≥ng. Khi mua c√≥ ƒë∆∞·ª£c t·∫•m ƒë·ªÉ l√≥t gi·ªØa m√†n h√¨nh v·ªõi b√†n ph√≠m ko B·ªØa m√¨nh mua kh√¥ng c√≥,4 ng√†y
Laptop Dell Inspiron 15 3530 i7 1355U/16GB/512GB/2GB MX550/OfficeHS/Win11 (N3530I716W1),23990000.0,Tien Dai,2,M√°y d√πng b·ªã l·ªói. ƒê√¥i l√∫c ƒë∆° m√†n h√¨nh v√† k th·ªÉ t·∫Øt ngu·ªìn. C·∫£m bi·∫øn v√¢n tay ch·∫≠m.,1 tu·∫ßn
Laptop Dell Inspiron 15 3530 i7 1355U/16GB/512GB/2GB MX550/OfficeHS/Win11 (N3530I716W1),23990000.0,Tr∆∞∆°ng Minh Nghƒ©a,5,"R·∫•t ·ªïn nha, m√°y ch·ªâ c√≥ nh∆∞·ª£c ƒëi·ªÉm l√† h∆°i n√≥ng x√≠u th√¥i, c√≤n l·∫°i 10/10",1 tu·∫ßn
Laptop Dell Inspiron 15 3530 i7 1355U/16GB/512GB/2GB MX550/OfficeHS/Win11 (N3530I716W1),23990000.0,Anh thu,4,"M√°y ch·∫°y t·ªët, ·ªïn th√≠ch h·ª£p d√πng cho vƒÉn ph√≤ng",1 tu·∫ßn
Laptop Dell Inspiron 15 3530 i7 1355U/16GB/512GB/2GB MX550/OfficeHS/Win11 (N3530I716W1),23990000.0,Th√°i,5,M√°y c√≥ lu√¥n Office tr·ªçn ƒë·ªùi n√™n kh√° l√† ngon l√†nh. Duy·ªát,1 tu·∫ßn
Laptop Dell Inspiron 15 3530 i7 1355U/16GB/512GB/2GB MX550/OfficeHS/Win11 (N3530I716W1),23990000.0,Trung Hoang,3,Nh·ªù m√¨nh web ƒë√£ c·∫≠p l·∫°i con n√†y v·ªè nh·ª±aM·ªõi c·∫≠p nh·∫≠p l·∫°i h√¥m qua V·ªè nh·ª±aKh√°ch n√†o l·ª° c√≥ mua tr∆∞·ªõc ƒë√≥ t∆∞·ªüng v·ªè n·∫Øp l∆∞ng kim lo·∫°i v√† ch·ªâ nghƒ© tay b·∫±ng kim lo·∫°i th√¨ c√≥ th·ªÉ ra cho b√™n TGDD h·ªó tr·ª£ nhe Qua m√¨nh c≈©ng tr·∫£ l·∫°i v·ªè nh·ª±a h·∫øt,1 ng√†y
Laptop Dell Inspiron 15 3530 i7 1355U/16GB/512GB/2GB MX550/OfficeHS/Win11 (N3530I716W1),23990000.0,T√πng,5,Ok,2 tu·∫ßn
Laptop Dell Inspiron 15 3530 i7 1355U/16GB/512GB/2GB MX550/OfficeHS/Win11 (N3530I716W1),23990000.0,H·ªí THANH NAM,5,T·ªët,2 tu·∫ßn
Laptop Dell Inspiron 15 3530 i7 1355U/16GB/512GB/2GB MX550/OfficeHS/Win11 (N3530I716W1),23990000.0,Anh Khoa,5,T·ªët,1 tu·∫ßn
Laptop Dell Inspiron 14 7430 2-in-1 i7 1355U/16GB/512GB/Touch/Pen/OfficeHS/Win11 (i7U165W11SLU),27990000.0,Th·∫£o,5,cho m√¨nh h·ªèi b√∫t c·∫£m ·ª©ng c√≥ h·ªó tr·ª£ tr√¨nh chi·∫øu PPT trong d·∫°y h·ªçc kh√¥ng,1 tu·∫ßn
Laptop Dell Inspiron 14 7430 2-in-1 i7 1355U/16GB/512GB/Touch/Pen/OfficeHS/Win11 (i7U165W11SLU),27990000.0,Huynh Minh Dao,5,OK,1 th√°ng
Laptop Dell Inspiron 14 7430 2-in-1 i7 1355U/16GB/512GB/Touch/Pen/OfficeHS/Win11 (i7U165W11SLU),27990000.0,Lan Anh,5,"ƒê·∫πp, ch·∫°y ·ªïn",3 th√°ng
Laptop Dell Inspiron 14 7430 2-in-1 i7 1355U/16GB/512GB/Touch/Pen/OfficeHS/Win11 (i7U165W11SLU),27990000.0,B√πi Ho√†ng V≈©,3,"m√¨nh c√≥ mua m·ªôt chi·∫øc nh∆∞ v·∫≠y v√†o kho·∫£ng 10 ng√†y tr∆∞·ªõc nh∆∞ng gi√° b·ªã ch√™nh so v·ªõi ni√™m y·∫øt ·ªü trang l√† 2tr, v√† m√¨nh c≈©ng tham kh·∫£o ·ªü nhi·ªÅu c·ªßa h√†ng kh√°c nh∆∞ fpt th√¨ th·∫•y gi√° ch√™nh kh√° nhi·ªÅu",1 tu·∫ßn
Laptop Dell Inspiron 14 7430 2-in-1 i7 1355U/16GB/512GB/Touch/Pen/OfficeHS/Win11 (i7U165W11SLU),27990000.0,B√© Thu·ª∑ Ti√™n,5,R·∫•t t·ªët,1 tu·∫ßn
Laptop Dell Inspiron 14 7430 2-in-1 i7 1355U/16GB/512GB/Touch/Pen/OfficeHS/Win11 (i7U165W11SLU),27990000.0,H∆∞ng,5,T·ªët,3 th√°ng
Laptop Lenovo Ideapad Slim 3 15IAH8 i5 12450H/16GB/512GB/Win11 (83ER000EVN),14290000.0,L√¢m,2,V·ª´a mua xong th√¨ c√≥ khuy·∫øn m√£i game.,2 tu·∫ßn
Laptop Lenovo Ideapad Slim 3 15IAH8 i5 12450H/16GB/512GB/Win11 (83ER000EVN),14290000.0,B√πi ƒëƒÉng thu·∫ßn,5,"H√¥m nay m·ªõi ng√†y th·ª© 5 r∆∞·ªõc em v·ªÅ, ƒë·ªëi v·ªõi k·ªπ s∆∞ c√¥ng tr√¨nh th√¨ deocj b·∫£n v·∫Ω ki·∫øn tr√∫c k·∫øt c·∫•u con n√†y r·∫•t m∆∞·ª£t, m√°y m∆∞·ª£t tr∆°n tru ch∆∞a th·∫•y v·∫•n ƒë·ªÅ g√¨, c·∫£m boeens v√¢n tay nh·∫≠y. C·∫•u h√¨nh th·∫ø h·ªá 12 h·∫≠u t·ªë H cho ƒë·ªì ho·∫° ok, gi√° c·∫£ qu√° h·ª£p l√Ω, m·ªèng nh·∫π d·ªÖ mang c·∫ßm thuy·∫øt tr√¨nh.",3 ng√†y
Laptop Lenovo Ideapad Slim 3 15IAH8 i5 12450H/16GB/512GB/Win11 (83ER000EVN),14290000.0,H GI∆Ø∆†NG ML√î,4,"Laptop s√†i ·ªïn, ch·∫°y m∆∞·ª£t kh√¥ng b·ªã ƒë∆°, nh∆∞ng m√† v·ªõi m·ªôt ng∆∞·ªùi l√†m vi·ªác vs laptop ·ªü c∆∞·ªùng ƒë·ªô cao nh∆∞ m√¨nh th√¨ pin l·∫°i ·ªü d·∫°ng kh√¥ng tr√¢u, v√† pin c·ªßa m√°y ch·ªâ k√©o d√†i ƒë∆∞·ª£c kho·∫£ng 45ti·∫øng √Ω",1 tu·∫ßn
Laptop Lenovo Ideapad Slim 3 15IAH8 i5 12450H/16GB/512GB/Win11 (83ER000EVN),14290000.0,Tr∆∞∆°ng Th·∫ø H·ªçc,5,H√†ng t·ªët trong t·∫ßm gi√°.,2 tu·∫ßn
Laptop Lenovo Ideapad Slim 3 15IAH8 i5 12450H/16GB/512GB/Win11 (83ER000EVN),14290000.0,Nh∆∞,4,"s·ª≠ d·ª•ng ƒë∆∞·ª£c h∆°n 1 tu·∫ßn th·∫•y m√°y t·∫°m ·ªïn, ch∆°i ƒë∆∞·ª£c game nh·∫π nh∆∞ LOL , b·∫Øt wifi ·ªïn , m·ªü nhi·ªÅu tap v·∫´n ch·∫°y m∆∞·ª£t .",1 tu·∫ßn
Laptop Lenovo Ideapad Slim 3 15IAH8 i5 12450H/16GB/512GB/Win11 (83ER000EVN),14290000.0,Khoa Hy,5,Tuy·ªát v·ªùi,1 th√°ng
Laptop Lenovo Ideapad Slim 3 15IAH8 i5 12450H/16GB/512GB/Win11 (83ER000EVN),14290000.0,Ch·ªã Ti√™n,3,M√¨nh k bi·∫øt sao ƒë·ªÉ li√™n h·ªá v·ªÅ l·ªói n√†y. Nguy√™n nh√¢n l√† sao ·∫°. H√¨nh nh∆∞ m√°y b·∫Øt s√≥ng WF y·∫øu. V√† c√≥ b·ªã xung ƒë·ªôt g√¨ k. Gi·ªù m√¨nh c·∫ßn li√™n h·ªá ƒë·∫øn sƒët n√†o ·∫°,2 tu·∫ßn
Laptop Lenovo Ideapad Slim 3 15IAH8 i5 12450H/16GB/512GB/Win11 (83ER000EVN),14290000.0,Nguy·ªÖn To√†n,5,Ok,3 tu·∫ßn
Laptop Lenovo Ideapad Slim 3 15IAH8 i5 12450H/16GB/512GB/Win11 (83ER000EVN),14290000.0,Tu·∫•n Anh,5,T·ªët,1 tu·∫ßn
Laptop Lenovo Ideapad Slim 3 15IAH8 i5 12450H/16GB/512GB/Win11 (83ER000EVN),14290000.0,Ba,5,sau 3 ng√†y s·ª≠ d·ª•ng th√¨ c·∫£m th·∫•y ·ªïn . M√†n h√¨nh h∆°i run khi ng·ªìi d∆∞·ªõi qu·∫°t s√†i,1 ng√†y
Laptop Lenovo Ideapad Slim 3 15IAH8 i5 12450H/16GB/512GB/Win11 (83ER000EVN),14290000.0,Li√™m,4,T·ªët,1 tu·∫ßn
Laptop Lenovo Ideapad Slim 3 15IAH8 i5 12450H/16GB/512GB/Win11 (83ER000EVN),14290000.0,Nguy·ªÖn Th·ªã Ki·ªÅu Oanh,4,T·ªët,3 tu·∫ßn
Laptop Lenovo Ideapad Slim 3 15IAH8 i5 12450H/16GB/512GB/Win11 (83ER000EVN),14290000.0,Tr·∫ßn Th·ªã Anh Th∆∞,4,T·ªët,1 tu·∫ßn
Laptop Lenovo Ideapad Slim 3 15IAH8 i5 12450H/16GB/512GB/Win11 (83ER000EVN),14290000.0,Anh Tuan,5,T·ªët,1 tu·∫ßn
Laptop Lenovo LOQ Gaming 15IAX9 i5 12450HX/16GB/512GB/6GB RTX3050/144Hz/Win11 (83GS000JVN),21690000.0,Ho√†ng Tri·∫øt,3,Sao laptop lenovo loq m√¨nh m·ªõi mua d√π s·∫°c ƒë·∫ßy 100% pin v√† c·∫Øm s·∫°c nh∆∞ng ch∆°i game v·∫´n t·ª•t % pin v·∫≠y,6 ng√†y
Laptop Lenovo LOQ Gaming 15IAX9 i5 12450HX/16GB/512GB/6GB RTX3050/144Hz/Win11 (83GS000JVN),21690000.0,L√™ ƒê√¨nh Hi·∫øu,5,"C·∫•u h√¨nh ·ªïn, t·∫£n nhi·ªát t·ªët.",2 ng√†y
Laptop Lenovo LOQ Gaming 15IAX9 i5 12450HX/16GB/512GB/6GB RTX3050/144Hz/Win11 (83GS000JVN),21690000.0,NGUYEN TAN DAT,3,m√¨nh mua dc 2 tu·∫ßn c·ª© ƒë√¥i l√∫c l√† li·ªát m·ªôt v√†i n√∫t,1 tu·∫ßn
Laptop Lenovo LOQ Gaming 15IAX9 i5 12450HX/16GB/512GB/6GB RTX3050/144Hz/Win11 (83GS000JVN),21690000.0,Ph√∫c,5,"Laptop ch·∫•t l∆∞·ª£ng cao, gi√° h·ª£p l√Ω, hi·ªáu nƒÉng m·∫°nh, t·∫£n nhi·ªát t·ªët, ch∆°i game ch·ªâ 60 ƒë·ªô khi GPU 100%.",1 tu·∫ßn
Laptop Lenovo LOQ Gaming 15IAX9 i5 12450HX/16GB/512GB/6GB RTX3050/144Hz/Win11 (83GS000JVN),21690000.0,ƒê·ªñ NGUY√äN L·ªòC,5,"R·∫•t ok. C·∫•u h√¨nh, ch·∫•t l∆∞·ª£ng nh∆∞ qu·∫£ng c√°o",4 tu·∫ßn
Laptop Lenovo LOQ Gaming 15IAX9 i5 12450HX/16GB/512GB/6GB RTX3050/144Hz/Win11 (83GS000JVN),21690000.0,Nguy√™n,3,V·ªè laptop d·ªÖ b·ªã x∆∞·ªõc ƒëen. l√†m c√°ch n√†o ƒë·ªÉ kh·∫Øc ph·ª•c,1 th√°ng
Laptop Lenovo LOQ Gaming 15IAX9 i5 12450HX/16GB/512GB/6GB RTX3050/144Hz/Win11 (83GS000JVN),21690000.0,Linh,3,m·ªõi mua sao kh√¥ng s·ª≠ d·ª•ng ƒë∆∞·ª£c chu·ªôt c·∫£m ·ª©ng nh·ªâ,1 ng√†y
Laptop Lenovo LOQ Gaming 15IAX9 i5 12450HX/16GB/512GB/6GB RTX3050/144Hz/Win11 (83GS000JVN),21690000.0,Nguy·ªÖn ƒêƒÉng ƒê·ªãnh,5,T·ªët,2 th√°ng
Laptop Lenovo LOQ Gaming 15IAX9 i5 12450HX/16GB/512GB/6GB RTX3050/144Hz/Win11 (83GS000JVN),21690000.0,Em ƒê·∫°t,5,T·ªët,3 tu·∫ßn
Laptop Lenovo LOQ Gaming 15IAX9 i5 12450HX/16GB/512GB/6GB RTX3050/144Hz/Win11 (83GS000JVN),21690000.0,Hi√™n Anh,5,T·ªët,1 th√°ng
Laptop Lenovo LOQ Gaming 15IAX9 i5 12450HX/16GB/512GB/6GB RTX3050/144Hz/Win11 (83GS000JVN),21690000.0,C√¥ng,5,T·ªët,1 tu·∫ßn
Laptop Lenovo Ideapad Slim 5 14IAH8 i5 12450H/16GB/1TB/Win11 (83BF003WVN),16690000.0,MAI H·ªÆU B·∫∞NG,5,"Gi√° r·∫ª t·ªët, m√°y ch·∫°y si√™u √™m, h√¥m m√¨nh mua c√≥ chuwong tr√¨nh cho t√¢n sinh vi√™n n√™n ƒë∆∞·ª£c gi·∫£m r·∫•t nhi·ªÅu",3 tu·∫ßn
Laptop Lenovo Ideapad Slim 5 14IAH8 i5 12450H/16GB/1TB/Win11 (83BF003WVN),16690000.0,Phan Thanh H·ªìng,5,"M√°y ngon, gi√° r·∫ª. Tr·∫£i nghi·ªám t·ªët. Nh√¢n vi√™n t∆∞ v·∫•n chuy√™n nghi·ªáp",1 ng√†y
Laptop Lenovo Ideapad Slim 5 14IAH8 i5 12450H/16GB/1TB/Win11 (83BF003WVN),16690000.0,Tr·ªãnh qu·ªëc huy,3,"M·ªõi mua ƒëc 2 ng√†y th√¨ gi√° m√°y l·∫°i gi·∫£m 500k, m·∫•t gi√° nhanh gi·ªØ v·∫≠y sao",2 ng√†y
Laptop Lenovo Ideapad 1 15ALC7 R7 5700U/16GB/512GB/Win11 (82R400C1VN),12790000.0,H·ªìng Anh,5,r·∫•t tuy·ªát v·ªùi,5 ng√†y
Laptop Lenovo Ideapad 1 15ALC7 R7 5700U/16GB/512GB/Win11 (82R400C1VN),12790000.0,Nam,5,t·ªët,3 ng√†y
Laptop Lenovo Ideapad 1 15ALC7 R7 5700U/16GB/512GB/Win11 (82R400C1VN),12790000.0,L√™ Xu√¢n Qu·ª≥nh,5,D√πng ok,1 tu·∫ßn
Laptop Lenovo Ideapad 1 15ALC7 R7 5700U/16GB/512GB/Win11 (82R400C1VN),12790000.0,TRAN,4,M√°y x√†i ·ªïn,1 tu·∫ßn
Laptop Lenovo Ideapad 1 15ALC7 R7 5700U/16GB/512GB/Win11 (82R400C1VN),12790000.0,Anh Hi·ªáp,5,T·ªët,2 th√°ng
Laptop Acer Aspire 3 A315 510P 32EF i3 N305/8GB/256GB/Win11 (NX.KDHSV.001),16173535.108958839,Ph·∫°m VƒÉn ƒêi·ªÅu,1,"Mua 5 ng√†y l·ªó 2,4tr ph·∫ßn m·ªÅm ko ƒë·ªß",6 ng√†y
Laptop Acer Aspire 3 A315 510P 32EF i3 N305/8GB/256GB/Win11 (NX.KDHSV.001),16173535.108958839,ƒê·ªñ TH·∫†CH,5,T·ªët,1 tu·∫ßn
Laptop Acer Aspire 3 A315 510P 32EF i3 N305/8GB/256GB/Win11 (NX.KDHSV.001),16173535.108958839,B√¨nh,5,T·ªët,1 tu·∫ßn
Laptop Acer Aspire 3 A315 510P 32EF i3 N305/8GB/256GB/Win11 (NX.KDHSV.001),16173535.108958839,V≈©,5,T·ªët,1 ng√†y
Laptop Acer Aspire 3 A315 510P 32EF i3 N305/8GB/256GB/Win11 (NX.KDHSV.001),16173535.108958839,V∆∞∆°ng Thanh S∆°n,5,"T√°c v·ª• vƒÉn ph√≤ng ·ªïn √°p, pin ƒë·ªß d√πng",2 tu·∫ßn
Laptop Acer Aspire 3 A315 510P 32EF i3 N305/8GB/256GB/Win11 (NX.KDHSV.001),16173535.108958839,Ho√† An,5,"Hu·ªán t·∫°i th√¨ th·∫•y m√°y m∆∞·ª£t, c√°c ch·ª©c nƒÉng nh·∫°y, b√†n ohims c≈©ng t·ªët. Tuy nhi√™n, kho·∫£ng c√°ch b√†n ph√≠m s·ªë h∆°i nh·ªè so v·ªõi d√≤ng m√°y Dell, ai c·∫ßn nh·∫≠p lu√™uj nhi·ªÅu th√¨ c√¢n nh·∫Øc, nh∆∞ m√¨nh ph·∫£i mua th√™m b√†n ph√≠m r·ªùi.",1 th√°ng
Laptop Acer Aspire 3 A315 510P 32EF i3 N305/8GB/256GB/Win11 (NX.KDHSV.001),16173535.108958839,Tuy·ªÅn,3,M√¨nh mua kh√¥ng ki·ªÉm tra kƒ© b·ªã c·∫•n nh·∫π,1 tu·∫ßn
Laptop Acer Aspire 3 A315 510P 32EF i3 N305/8GB/256GB/Win11 (NX.KDHSV.001),16173535.108958839,Nguy·ªÖn Quang Huy,5,E mua m√°y ƒë∆∞·ª£c 2th√°ng h e mu·ªën ƒë·ªïi m√°y th√¨ b√™n tgdd c√≥ thu l·∫°i k ·∫°,2 th√°ng
Laptop Acer Aspire 3 A315 510P 32EF i3 N305/8GB/256GB/Win11 (NX.KDHSV.001),16173535.108958839,T√πng,5,D√πng ƒë∆∞·ª£c 10 th√°ng m√°y m∆∞·ª£t nh∆∞ng l·ªói s·∫°c c√≥ ƒë∆∞·ª£c b·∫£o h√†nh ko,5 th√°ng
Laptop Acer Aspire 3 A315 510P 32EF i3 N305/8GB/256GB/Win11 (NX.KDHSV.001),16173535.108958839,Nhan VƒÉn,5,"Nh√¢n vi√™n TGDƒê 233 N∆° Trang Long Ph·ª•c v·ª• k√©m, ƒë∆∞·ª£c chuy·ªÉn qua b√™n TGDƒê 153B Phan ƒêƒÉng L∆∞u ƒë∆∞·ª£c ph·ª•c v·ª• r·∫•t nhi·ªát t√¨nh t·ª´ b√°n h√†ng cho ƒë·∫øn qu·∫£n l√Ω. T∆∞ v·∫•n s·∫£n ph·∫©m r·∫•t c√≥ t√¢m lu√¥n, gi·∫£i th√≠ch d·ªÖ hi·ªÉu, m√°y x√†i ngon m∆∞·ª£t ch∆∞a x·∫£y ra l·ªói g√¨ sau 2 th√°ng x√†i",1 th√°ng
Laptop Acer Gaming Aspire 5 A515 58GM 51LB i5 13420H/16GB/512GB/4GB RTX2050/Win11 (NX.KQ4SV.002),16990000.0,Nguy·ªÖn Th·ªã Ki·ªÅu Loan,3,"m√¨nh v·ª´a mua chi·ªÅu nay, khi m·ªü c√πng l√∫c tab google meet ƒë√£ t·∫Øt mic v√† t·∫Øt cam v√† youtube th√¨ b√™n youtube kh√¥ng th·ªÉ nghe nh·∫°c ƒë∆∞·ª£c, √¢m thanh t·ªá h∆°n l√∫c b√¨nh th∆∞·ªùng v√† b·ªã m·∫•t ti·∫øng nh·∫°c n·ªÅn, ch·ªâ nghe ƒë∆∞·ª£c ti·∫øng h√°t nh∆∞ng c≈©ng b·ªã r√®. Mong ƒë∆∞·ª£c h·ªó tr·ª£ ·∫°",1 ng√†y
Laptop Acer Gaming Aspire 5 A515 58GM 51LB i5 13420H/16GB/512GB/4GB RTX2050/Win11 (NX.KQ4SV.002),16990000.0,Ho√†ng VƒÉn L·ªôc,3,"M√°y d√πng ok, nh∆∞ng c·∫Øm s·∫°c ph·∫£i xoay ng∆∞·ª£c xoay xu√¥i m·ªõi nh·∫≠n. Cho m√¨nh h·ªèi m√°y n√†y l·∫•y c·ª•c s·∫°c type C s·∫°c ƒë∆∞·ª£c kh√¥ng v√† n√™n mua c·ª•c s·∫°c type C c√≥ th√¥ng s·ªë nh∆∞ th·∫ø n√†o",2 th√°ng
Laptop Acer Gaming Aspire 5 A515 58GM 51LB i5 13420H/16GB/512GB/4GB RTX2050/Win11 (NX.KQ4SV.002),16990000.0,L√™ VƒÉn Ph√∫c,4,m√°y r·∫•t ·ªïn nh∆∞ng c≈©ng m·ªôt s·ªë tr·ª•c tr·∫∑c,3 th√°ng
Laptop Acer Gaming Aspire 5 A515 58GM 51LB i5 13420H/16GB/512GB/4GB RTX2050/Win11 (NX.KQ4SV.002),16990000.0,L√™ VƒÉn D≈©ng,2,"m·∫∑t k√™ tay v√† ph·∫ßn m·∫∑t b√†n ph√≠m b·ªã tr·∫ßy r·∫•t nhi·ªÅu m·∫∑c d√π c√≥ v·ªá m√°y r·∫•t kƒ© x∆∞·ªõc dƒÉm v√† m√¨nh s·ª≠ d·ª•ng ƒë∆∞·ª£c 4 th√°ng, tr√≥c s∆°n nhanh l·ªüm ch·ªüm c√≤n l·∫°i s·ª≠ d·ª•ng r·∫•t ngon l√¢u l√¢u b·ªã kh·ª±ng nh·∫π nh∆∞ng kh√¥ng ƒë√°ng k·ªÉ n·∫øu t√†i ch√≠nh t·∫ßm 17tr th√¨ em n√†y c√≥ i5 gen 13 + rtx 2050+ ram 16gb s·∫µn th√¨ h·ª£p l√≠ r·ªìi ngo·∫°i h√¨nh ƒë·∫πp nh∆∞ng d·ªÖ tr·∫ßy x∆∞·ªõc",5 th√°ng
Laptop Acer Gaming Aspire 5 A515 58GM 51LB i5 13420H/16GB/512GB/4GB RTX2050/Win11 (NX.KQ4SV.002),16990000.0,Nguy·ªÖn Th·ªã H·ªìng Mai,5,Con ch·ªã s·ª≠ d·ª•ng c≈©ng OK l·∫Øm.,1 tu·∫ßn
Laptop Acer Gaming Aspire 5 A515 58GM 51LB i5 13420H/16GB/512GB/4GB RTX2050/Win11 (NX.KQ4SV.002),16990000.0,B√πi C√°t V≈©,5,"n√∫t f5 tr√™n m√°y l√† gi·∫£m ƒë·ªô s√°ng m√†n h√¨nh, l√†m sao ch·ªânh cho n√≥ th√†nh refresh l·∫°i ·∫°",1 ng√†y
Laptop Acer Gaming Aspire 5 A515 58GM 51LB i5 13420H/16GB/512GB/4GB RTX2050/Win11 (NX.KQ4SV.002),16990000.0,T√¢n,4,"Khi ghim s·∫°c v·ªè m√°y b·ªã r√≤ ƒëi·ªán, khi s·ªù tay v√†o c√≥ c·∫£m gi√°c b·ªã t√™ tay. V·ª´a mua 25/02/2024, c√°i n√†y do m√°y b·ªã l·ªói hay l√† m√°y n√†o c≈©ng v·∫≠y ad.",1 ng√†y
Laptop Acer Gaming Aspire 5 A515 58GM 51LB i5 13420H/16GB/512GB/4GB RTX2050/Win11 (NX.KQ4SV.002),16990000.0,Anh Ng√¥ V≈© Vi·ªát Ho√†ng,4,M√°y d√πng ·ªïn trong ph√¢n kh√∫c nh∆∞ng M√¨nh nghƒ© n√™n b·ªè c√°i balo ƒëi. V√¨ c√°i balo l√† nguy√™n nh√¢n g√¢y x∆∞·ªõc m√°y ae ·∫°. C√°i balo thi·∫øt k·∫ø nh√¨n ch·∫Øc ch·∫Øn nh∆∞ng ph·∫ßn ƒë√°y c√≥ 2 con ·ªëc r·∫•t s·∫Øc c·∫°nh. M√† kh√¥ng l√≥t x·ªëp ·ªü ƒë√°y ch·ªâ c√≥ 1 l·ªõp v·∫£i m·ªèng n√™n khi ƒë·ªÉ lap con ·ªëc c·ªç v√†o g√¢y x∆∞·ªõc v√† m√≥p m√°y ae ƒë·ªÉ √Ω nh√©.,3 tu·∫ßn
Laptop Acer Gaming Aspire 5 A515 58GM 51LB i5 13420H/16GB/512GB/4GB RTX2050/Win11 (NX.KQ4SV.002),16990000.0,L√™ Th·ªã Song H∆∞∆°ng,2,"M·ªõi mua m√† l√†m c√≥ c√°i excel ƒë∆°n gi·∫£n m√† c≈©ng l·ªói , loa r√® lu√¥n",1 tu·∫ßn
Laptop Acer Gaming Aspire 5 A515 58GM 51LB i5 13420H/16GB/512GB/4GB RTX2050/Win11 (NX.KQ4SV.002),16990000.0,Nguy·ªÖn Th·ªã B√≠ch ChƒÉm,4,M·ªõi x√†i n√™n th·∫•y ·ªïn ok,1 tu·∫ßn
Laptop Acer Gaming Aspire 5 A515 58GM 51LB i5 13420H/16GB/512GB/4GB RTX2050/Win11 (NX.KQ4SV.002),16990000.0,TR·∫¶N TH·ªä TU·ªÜ,3,M√°y m√¨nh khi call video th√¨ m·ªü th√™m tab youtube s·∫Ω b·ªã l·ªçc m·∫•t nh·∫°c n·ªÅn. Chuy·ªÉn tab m√†n h√¨nh tr·∫Øng nh∆∞ zalo th√¨ s·∫Ω b·ªã m·ªù m·ªù nh·∫π r·ªìi m·ªõi hi·ªán r√µ,1 th√°ng
Laptop Acer Gaming Aspire 5 A515 58GM 51LB i5 13420H/16GB/512GB/4GB RTX2050/Win11 (NX.KQ4SV.002),16990000.0,Tr·∫ßn Ti·∫øn ƒê·∫°t,5,"R·∫•t t·ªët, nh√¢n vi√™n nhi·ªát t√¨nh, t∆∞ v·∫•n c√°c g√≥i khuy·∫øn m√£i v√† gi·∫£m gi√°...",1 tu·∫ßn
Laptop Acer Gaming Aspire 5 A515 58GM 51LB i5 13420H/16GB/512GB/4GB RTX2050/Win11 (NX.KQ4SV.002),16990000.0,H·ªØu,4,c√≥ ai d√πng cpuz ki·ªÉm tra ram c√≥ hi·ªÉn th·ªã dual kh√¥ng mn minh ktra th√¨ n√≥ ch·ªâ hi·ªÉn th·ªã 16gb kh√¥ng hi·ªán g√¨ kh√°c th√™m. m√¨nh mua laptop ng√†y 24/11,2 ng√†y
Laptop Acer Gaming Aspire 5 A515 58GM 51LB i5 13420H/16GB/512GB/4GB RTX2050/Win11 (NX.KQ4SV.002),16990000.0,ƒê·ªó Ng·ªçc Uy√™n,5,d·∫° r·∫•t t·ªët c·∫•u h√¨nh c≈©ng r·∫•t m·∫°nh m·∫Ω m∆∞·ª£t m√† trong ph√¢n kh√∫c ·∫°,2 tu·∫ßn
Laptop Acer Gaming Aspire 5 A515 58GM 51LB i5 13420H/16GB/512GB/4GB RTX2050/Win11 (NX.KQ4SV.002),16990000.0,Nghi·ªáp,5,good,5 ng√†y
Laptop Acer Gaming Aspire 5 A515 58GM 51LB i5 13420H/16GB/512GB/4GB RTX2050/Win11 (NX.KQ4SV.002),16990000.0,Ng√¥ Ng·ªçc C∆∞·ªùng,5,"M√°y build ngon, c·ª©ng c√°p, c·∫•u h√¨nh ·ªïn, m√†n h√¨nh ƒë·∫πp + trackpad to, nhi·ªát ƒë·ªô gi·ªõi h·∫°n ·ªü 60 70 ƒë·ªô C nh∆∞ng game v·∫´n kho·∫ª.V·∫•n ƒë·ªÅ l√†, tr√™n page TGDƒê ghi r·∫±ng c√≤n h·ªó tr·ª£ 1 khe SSD M.2 NVME Gen 4 nh∆∞ng khi m√¨nh m·ªü ra check th√¨ ch·ªâ c√≥ Gen 3 th√¥i. Mong TGDƒê ghi r√µ th√¥ng tin h∆°n l·∫ßn sau.",1 tu·∫ßn
Laptop Acer Gaming Aspire 5 A515 58GM 51LB i5 13420H/16GB/512GB/4GB RTX2050/Win11 (NX.KQ4SV.002),16990000.0,Anh Ch√≠nh,5,T·ªët.,1 ng√†y
Laptop Acer Gaming Aspire 5 A515 58GM 51LB i5 13420H/16GB/512GB/4GB RTX2050/Win11 (NX.KQ4SV.002),16990000.0,L√™ T·∫•t L√¢m,4,T·ªët,1 tu·∫ßn
Laptop Acer Gaming Aspire 5 A515 58GM 51LB i5 13420H/16GB/512GB/4GB RTX2050/Win11 (NX.KQ4SV.002),16990000.0,A H∆∞ng,4,T·ªët,1 tu·∫ßn
Laptop Acer Gaming Aspire 5 A515 58GM 51LB i5 13420H/16GB/512GB/4GB RTX2050/Win11 (NX.KQ4SV.002),16990000.0,Anh V≈©,4,T·ªët,1 tu·∫ßn
Laptop Acer Aspire 3 A315 510P 32EF i3 N305/8GB/256GB/Win11 (NX.KDHSV.001),16173535.108958839,Binh,5,"M√°y d√πng ·ªïn,kh√° nhanh so v·ªõi gi√° Ngo·∫°i h√¨nh ƒë·∫πp c√≥ n·∫Øp l∆∞ng b·∫±ng kim lo·∫°i nh√¨n kh√° ch·∫Øc.D√πng ƒëc 1 th·ªùi gian,h·∫øt bh n√™n n√¢ng c·∫•p ram l√™n 16 cho tho·∫£i m√°i. Khuy·∫øn kh√≠ch hs,sv ho·∫∑c nv vƒÉn ph√≤ng,coder nh∆∞ m d√πng c≈©ng ƒëc.",4 ng√†y
Laptop Acer Aspire 3 A315 510P 32EF i3 N305/8GB/256GB/Win11 (NX.KDHSV.001),8790000.0,Linh,4,H√†ng c·ªßa TGDƒê r·∫•t t√™n t√¢m s·ª≠ d·ª•ng,1 tu·∫ßn
Laptop Acer Aspire 3 A315 510P 32EF i3 N305/8GB/256GB/Win11 (NX.KDHSV.001),8790000.0,Mai Tu·∫•n Khoa,5,"ƒê·∫πp , hi·ªáu nƒÉng t·ªët nm√† m√†n 15.6 h∆°i to , 14inch s·∫Ω d·ªÖ di chuy·ªÉn h∆°n",1 tu·∫ßn
Laptop Acer Aspire 3 A315 510P 32EF i3 N305/8GB/256GB/Win11 (NX.KDHSV.001),8790000.0,Anh Hoan,3,may dep ma bat song hoi yeu nen tra lai thoi,1 ng√†y
Laptop Acer Aspire 3 A315 510P 32EF i3 N305/8GB/256GB/Win11 (NX.KDHSV.001),8790000.0,D∆∞∆°ng,4,M∆∞·ª£t m√† xem phim n√©t loa to.ok,1 tu·∫ßn
Laptop Acer Aspire 3 A315 510P 32EF i3 N305/8GB/256GB/Win11 (NX.KDHSV.001),8790000.0,Anh Hi·ªÅn,5,Ok,1 tu·∫ßn
Laptop Acer Aspire 3 A315 510P 32EF i3 N305/8GB/256GB/Win11 (NX.KDHSV.001),8790000.0,Nguy·ªÖn H·∫£i Anh,5,C√≥ c√†i ƒë∆∞·ª£c ti·∫øng vi·ªát kh√¥ng,1 ng√†y
Laptop Acer Aspire 3 A315 510P 32EF i3 N305/8GB/256GB/Win11 (NX.KDHSV.001),8790000.0,Anh Minh,3,"Ch∆∞a c√≥ tr·∫£i nghi·ªám s√¢u, v·ªÅ pin, kh·ªüi ƒë·ªông m√°y t·ªët",1 tu·∫ßn
Laptop Acer Aspire 3 A315 510P 32EF i3 N305/8GB/256GB/Win11 (NX.KDHSV.001),8790000.0,Minh,5,N√≥i chung h∆°n 8 c·ªß m√† con m√°y ch∆°i li√™n minh ko d·∫≠t lag l√† ok ro√†i m√¨nh tin d√πng acer tr∆∞·ªõc h,1 tu·∫ßn
Laptop Acer Aspire 3 A315 510P 32EF i3 N305/8GB/256GB/Win11 (NX.KDHSV.001),8790000.0,Ch·ªã Ki·ªÅu,5,M√°y chi·∫øn game ƒë√£ ch∆°i ƒëc genshin impact m√°y r·∫•t t·ªët,1 th√°ng
Laptop Acer Aspire 3 A315 510P 32EF i3 N305/8GB/256GB/Win11 (NX.KDHSV.001),8790000.0,ƒê·ªó Th·ªã Nhung,5,M√¨nh m·ªõi s·ª≠ d·ª•ng ƒëc 3 h√¥m v·ªÅ pin th·∫•y hao nhanh nh∆∞ng ƒë·ªïi l·∫°i m√°y r·∫•t √™m v√† d√πng m∆∞·ª£t ·ªïn ƒë·ªãnh.X·ª©ng ƒë√°ng v·ªõi gi√° ti·ªÅn b·ªè ra,1 ng√†y
Laptop Acer Aspire 3 A315 510P 32EF i3 N305/8GB/256GB/Win11 (NX.KDHSV.001),8790000.0,Anh C∆∞·ªùng,5,S·∫£n ph·∫©m m√¨nh r·∫•t h√†i l√≤ng,1 tu·∫ßn
Laptop Acer Aspire 3 A315 510P 32EF i3 N305/8GB/256GB/Win11 (NX.KDHSV.001),8790000.0,Ph·∫°m Th·ªã Thu Trang,5,T·ªët,2 th√°ng
Laptop Acer Aspire 3 A315 510P 32EF i3 N305/8GB/256GB/Win11 (NX.KDHSV.001),8790000.0,Tr·∫ßn Ng·ªçc H·∫≠u,5,T·ªët,1 tu·∫ßn
Laptop Acer Aspire 3 A315 510P 32EF i3 N305/8GB/256GB/Win11 (NX.KDHSV.001),8790000.0,V≈® TH·ªä TH√öY,5,M√°y mua v·ªÅ ƒëang x√†i r·∫•t tot,2 ng√†y
Laptop Acer Aspire 3 A315 510P 32EF i3 N305/8GB/256GB/Win11 (NX.KDHSV.001),8790000.0,T√¨nh,3,Th·ªùi l∆∞·ª£ng pin. Mau h·∫øt pin kg qu√° 3h,3 ng√†y
Laptop Acer Aspire 3 A315 510P 32EF i3 N305/8GB/256GB/Win11 (NX.KDHSV.001),8790000.0,V√µ VƒÉn Qu·ªëc,4,Laptop d√πng √™m . Window 11 b·∫£o m·∫≠t t·ªët,1 ng√†y
Laptop Acer Aspire 3 A315 510P 32EF i3 N305/8GB/256GB/Win11 (NX.KDHSV.001),8790000.0,Tr·∫ßn Giang Nam,5,L·∫ßn ƒë·∫ßu d√πng kh√° ·ªïnh∆°i ti·∫øc v√¨ kh√¥ng h·ªó tr·ª£ ti·∫øng vi·ªát,1 ng√†y
Laptop Acer Aspire 3 A315 510P 32EF i3 N305/8GB/256GB/Win11 (NX.KDHSV.001),8790000.0,Anh Phong,4,T·ªët,2 tu·∫ßn
Laptop Acer Aspire 3 A315 510P 32EF i3 N305/8GB/256GB/Win11 (NX.KDHSV.001),8790000.0,L√¢m,5,T·ªët,4 tu·∫ßn
Laptop Acer Aspire 3 A315 510P 32EF i3 N305/8GB/256GB/Win11 (NX.KDHSV.001),8790000.0,Nguy·ªÖn Th·ªã Tranh,4,T·ªët,1 tu·∫ßn
Laptop Acer Aspire 3 A315 510P 32EF i3 N305/8GB/256GB/Win11 (NX.KDHSV.001),16173535.108958839,Ph·∫°m Long,5,"C·∫•u H√¨nh m·∫°nh m·∫Ω, ai c·∫ßn loa l·ªõn th√¨ mua th√™m loa m·ªõi ok ,ph√≠m d·ªÖ g√µ.",3 tu·∫ßn
Laptop Acer Aspire 3 A315 510P 32EF i3 N305/8GB/256GB/Win11 (NX.KDHSV.001),16173535.108958839,Hu·ª≥nh Qu·ªëc Minh,5,"N√°y t·ªët, ngon",2 tu·∫ßn
Laptop Acer Aspire 3 A315 510P 32EF i3 N305/8GB/256GB/Win11 (NX.KDHSV.001),16173535.108958839,Th√¢n VƒÉn Nh·∫≠t,1,"M√°y h·ªá th·ªëng b√°o t·∫•m n·ªÅn ips , th·∫ø m√† v·ªÅ l·∫°i l√† t·∫•m n·ªÅn TN, hoang mang khi mua h√†ng tgdd",2 tu·∫ßn
Laptop Acer Aspire 3 A315 510P 32EF i3 N305/8GB/256GB/Win11 (NX.KDHSV.001),16173535.108958839,Tr∆∞∆°ng Th·ªã Ng·ªçc Duy√™n,3,B√†n ph√≠m s·ªë nh·∫≠p b·ªã nh·∫£y double,1 tu·∫ßn
Laptop Acer Gaming Nitro 5 Tiger AN515 58 52SP i5 12500H/8GB/512GB/4GB RTX3050/144Hz/Win11 (NH.QFHSV.001),19990000.0,Tr∆∞∆°ng Ph√∫ Th·ªãnh,5,X·ªãn nha . m√°y m√°t . gi√° ok,1 tu·∫ßn
Laptop Acer Gaming Nitro 5 Tiger AN515 58 52SP i5 12500H/8GB/512GB/4GB RTX3050/144Hz/Win11 (NH.QFHSV.001),19990000.0,Anh Hi·ªÉn,1,V·ª´a mua v·ªÅ ƒë√£ h·ªèng.,1 tu·∫ßn
Laptop Acer Gaming Nitro 5 Tiger AN515 58 52SP i5 12500H/8GB/512GB/4GB RTX3050/144Hz/Win11 (NH.QFHSV.001),19990000.0,Nguy·ªÖn Anh Khoa,5,M·ªôt th·ªùi m√™ laptop gaming,1 tu·∫ßn
Laptop Acer Gaming Nitro 5 Tiger AN515 58 52SP i5 12500H/8GB/512GB/4GB RTX3050/144Hz/Win11 (NH.QFHSV.001),19990000.0,L√™ VƒÉn M·∫£i,5,T·ªët,1 tu·∫ßn
Laptop Acer Gaming Nitro 5 Tiger AN515 58 52SP i5 12500H/8GB/512GB/4GB RTX3050/144Hz/Win11 (NH.QFHSV.001),19990000.0,Nguy·ªÖn Thi·ªán Ph√∫c,4,M√°y ch·∫°y nhanh ·ªïn ƒë·ªãnh tuy nhi√™n m√°y v·∫´n c√≤n m·ªôt s·ªë l·ªói hk ƒë√°ng k·ªÉ ch·∫°y nh∆∞ng t√°c v·ª• n·∫∑ng th√¨ m√°y h∆°i ch·∫≠m v√† ƒë·ª©ng h√¨nh kh√¥ng ƒë√°ng k·ªÉ n·∫øu n√¢ng c·∫•p ram v√† SSD l√™n th√¨ m√°y ch·∫°y tuy·ªát v·ªùi,1 tu·∫ßn
Laptop Acer Gaming Nitro 5 Tiger AN515 58 52SP i5 12500H/8GB/512GB/4GB RTX3050/144Hz/Win11 (NH.QFHSV.001),19990000.0,Ng·ªçc Nam,5,"R·∫•t t·ªët r·∫•t kh·ªèe s·ª± b√πng n·ªï c·ªßa 4 nƒÉm ƒë·∫°i h·ªçc lu√¥n 
Nh∆∞ng RTX h∆°i ·ªìn",1 tu·∫ßn
Laptop Acer Gaming Nitro 5 Tiger AN515 58 52SP i5 12500H/8GB/512GB/4GB RTX3050/144Hz/Win11 (NH.QFHSV.001),19990000.0,Vu Hai Nam,5,S·∫£n ph·∫©m d√πng t·ªët m∆∞·ª£t,1 tu·∫ßn
Laptop Acer Gaming Nitro 5 Tiger AN515 58 52SP i5 12500H/8GB/512GB/4GB RTX3050/144Hz/Win11 (NH.QFHSV.001),19990000.0,Anh Ma Vi·ªát,4,Hi·ªáu nƒÉng c·ªßa m√°y r·∫•t t·ªët nh∆∞ng pin h∆°i y·∫øu,1 tu·∫ßn
Laptop Acer Gaming Nitro 5 Tiger AN515 58 52SP i5 12500H/8GB/512GB/4GB RTX3050/144Hz/Win11 (NH.QFHSV.001),19990000.0,V≈© Nh·∫≠t Thi·ªán,3,BTG,1 tu·∫ßn
Laptop Acer Gaming Nitro 5 Tiger AN515 58 52SP i5 12500H/8GB/512GB/4GB RTX3050/144Hz/Win11 (NH.QFHSV.001),19990000.0,ƒêo√†n Tr·∫ßn Ti·∫øn Tr√≠,5,"Nh√¢n vi√™n t∆∞ v·∫•n r·∫•t t·ªët, s·∫£n ph·∫©m ƒë√∫ng nh∆∞ m√¥ t·∫£",1 ng√†y
Laptop Acer Gaming Nitro 5 Tiger AN515 58 52SP i5 12500H/8GB/512GB/4GB RTX3050/144Hz/Win11 (NH.QFHSV.001),19990000.0,Dao Trong Anh Hung,5,Ok,1 tu·∫ßn
Laptop Acer Gaming Nitro 5 Tiger AN515 58 52SP i5 12500H/8GB/512GB/4GB RTX3050/144Hz/Win11 (NH.QFHSV.001),19990000.0,Em Sƒ©,5,10 ƒëi·ªÉm,1 ng√†y
Laptop Acer Gaming Nitro 5 Tiger AN515 58 52SP i5 12500H/8GB/512GB/4GB RTX3050/144Hz/Win11 (NH.QFHSV.001),19990000.0,Phan Van T·∫•n,3,M√°y mua 1 th√°ng d√πng r·∫•t hay t·ª± ƒë·ªông m·∫•t wifi . M√°y nhanh n√≥ng ph·∫£i b·∫≠t ch·∫ø ƒë·ªô t·∫£n nhi·ªát c√¥ng xu·∫•t max li√™n t·ª•c r·∫•t ·ªìn v√† hao ƒëi·ªán . B√†n ph√≠m b·∫•m m·ªõi 1 th√°ng m√† ƒë√£ tr√≥c s∆°n,1 th√°ng
Laptop Acer Gaming Nitro 5 Tiger AN515 58 52SP i5 12500H/8GB/512GB/4GB RTX3050/144Hz/Win11 (NH.QFHSV.001),19990000.0,E Hi·∫øu,5,T·ªët,1 tu·∫ßn
Laptop Acer Gaming Nitro 5 Tiger AN515 58 52SP i5 12500H/8GB/512GB/4GB RTX3050/144Hz/Win11 (NH.QFHSV.001),19990000.0,Tr∆∞∆°ng Tu·∫•n Linh,4,"S·∫£n ph·∫©m kh√° ·ªïn , ƒë·∫∑t h√†ng v√† giao h√†ng nhanh",1 ng√†y
Laptop Acer Gaming Nitro 5 Tiger AN515 58 52SP i5 12500H/8GB/512GB/4GB RTX3050/144Hz/Win11 (NH.QFHSV.001),19990000.0,Ho√†ng Xu√¢n Quang,5,T·ªët,1 th√°ng
Laptop Acer Gaming Nitro 5 Tiger AN515 58 52SP i5 12500H/8GB/512GB/4GB RTX3050/144Hz/Win11 (NH.QFHSV.001),19990000.0,ƒê·∫°t,5,T·ªët,1 nƒÉm
Laptop Acer Gaming Nitro 5 Tiger AN515 58 52SP i5 12500H/8GB/512GB/4GB RTX3050/144Hz/Win11 (NH.QFHSV.001),19990000.0,Vi·ªát √Åi,4,T·ªët,1 tu·∫ßn
Laptop Acer Gaming Nitro 5 Tiger AN515 58 52SP i5 12500H/8GB/512GB/4GB RTX3050/144Hz/Win11 (NH.QFHSV.001),19990000.0,Tu·∫•n Nguy·ªÖn,5,T·ªët,1 tu·∫ßn
Laptop Acer Gaming Nitro 5 Tiger AN515 58 52SP i5 12500H/8GB/512GB/4GB RTX3050/144Hz/Win11 (NH.QFHSV.001),19990000.0,NG√î THANH TU·∫§N,4,T·ªët,1 tu·∫ßn
Laptop Acer Aspire 5 A515 58P 34RJ i3 1315U/8GB/512GB/Win11 (NX.KHJSV.003),9990000.0,L∆∞u ƒê√¨nh ƒê·∫°t,5,"s·∫£n ph·∫©m t·ªët, nh√¢n vi√™n t∆∞ v·∫•n nhi·ªát t√¨nh, c·∫£m ∆°n TGDD 182 L·∫°ch Tray, H·∫£i Ph√≤ng",1 ng√†y
Laptop Acer Aspire 5 A515 58P 34RJ i3 1315U/8GB/512GB/Win11 (NX.KHJSV.003),9990000.0,L√≤ Th·ªã Bang,4,T·ªët,2 th√°ng
Laptop Acer Aspire 5 A515 58P 34RJ i3 1315U/8GB/512GB/Win11 (NX.KHJSV.003),9990000.0,Ho√†ng,5,Nh√¢n vi√™n r·∫•t t·ªët. R·∫•t h√†i l√≤ng v·ªõi c√°ch ph·ª•c v·ª• c·ªßa nh√¢n vi√™n,1 tu·∫ßn
Laptop Acer Aspire 5 A515 58P 34RJ i3 1315U/8GB/512GB/Win11 (NX.KHJSV.003),9990000.0,Anh C√¥ng,4,S·ª≠ d·ª•ng ok m∆∞·ª£t,1 ng√†y
Laptop Acer Aspire 5 A515 58P 34RJ i3 1315U/8GB/512GB/Win11 (NX.KHJSV.003),9990000.0,Anh L√¢n,4,Ok x√†i t·ªët,3 ng√†y
Laptop Acer Aspire 5 A515 58P 34RJ i3 1315U/8GB/512GB/Win11 (NX.KHJSV.003),9990000.0,ƒê·ªó VƒÉn H∆∞ng,4,T·ªët,1 ng√†y
Laptop Acer Aspire 5 A515 58P 34RJ i3 1315U/8GB/512GB/Win11 (NX.KHJSV.003),9990000.0,Huy,5,T·ªët,1 ng√†y
Laptop Acer Aspire 5 A515 58P 34RJ i3 1315U/8GB/512GB/Win11 (NX.KHJSV.003),9990000.0,NGUY·ªÑN B√Å PH√öC,5,T·ªët,4 th√°ng
Laptop Acer Aspire 5 A515 58P 34RJ i3 1315U/8GB/512GB/Win11 (NX.KHJSV.003),9990000.0,anh H√πng,5,T·ªët,1 tu·∫ßn
Laptop Acer Aspire 5 A515 58P 34RJ i3 1315U/8GB/512GB/Win11 (NX.KHJSV.003),9990000.0,T√¢m,4,T·ªët,1 tu·∫ßn
Laptop Acer Aspire 5 A515 58P 34RJ i3 1315U/8GB/512GB/Win11 (NX.KHJSV.003),9990000.0,Mai Oanh,4,T·ªët,1 th√°ng
Laptop Acer Aspire 5 A515 58P 34RJ i3 1315U/8GB/512GB/Win11 (NX.KHJSV.003),9990000.0,L√™ H·ªìi Hi·ªáp,5,T·ªët,1 ng√†y
Laptop Acer Aspire 5 A515 58P 34RJ i3 1315U/8GB/512GB/Win11 (NX.KHJSV.003),9990000.0,Huy,5,T·ªët,1 ng√†y
Laptop Acer Gaming Nitro 5 Tiger AN515 58 769J i7 12700H/8GB/512GB/4GB RTX3050/144Hz/Win11 (NH.QFHSV.003),21490000.0,Tr·∫ßn Minh L√¢m,5,"M√°y r·∫•t t·ªët, ch·∫°y c√°c t·ª±a game r·∫•t m∆∞·ª£t, quang tr·ªçng l√† khi l√†m vi·ªác hi·ªáu su·∫•t m√°y c·ª±c k√¨ t·ªët. ·ªîn ƒë·ªãnh theo m·∫°ng, c√≥ l√∫c v∆∞·ª£t tr·ªôi h∆°n. Nh∆∞ng c√≥ m·ªôt v·∫•n ƒë·ªÅ h·∫ßu h·∫øt c√°c m√°y gaming g·∫∑p l√† khi kh√¥ng ƒëeo tay nghe c√°o qu·∫°t t·∫£n nhi·ªát h∆°i ·ªìn.N√≥i chung m√°y ·ªïn v√† hi·ªáu qu·∫£ t·ªët.",3 th√°ng
Laptop Acer Gaming Nitro 5 Tiger AN515 58 769J i7 12700H/8GB/512GB/4GB RTX3050/144Hz/Win11 (NH.QFHSV.003),21490000.0,Phan ƒê·ª©c Huy,5,"s·∫£n ph·∫©m d√πng r·∫•t t·ªët,ch∆°i game m∆∞·ª£t,√≠t c√≥ hi·ªán t∆∞·ª£ng gi·∫≠t lag,r·∫•t ƒë√°ng ti·ªÅn",1 tu·∫ßn
Laptop Acer Gaming Nitro 5 Tiger AN515 58 769J i7 12700H/8GB/512GB/4GB RTX3050/144Hz/Win11 (NH.QFHSV.003),21490000.0,Nguy·ªÖn VƒÉn Ph√∫c,5,Sp d√πng r·∫•t t·ªët,2 tu·∫ßn
Laptop Acer Gaming Nitro 5 Tiger AN515 58 769J i7 12700H/8GB/512GB/4GB RTX3050/144Hz/Win11 (NH.QFHSV.003),21490000.0,V≈© ƒêƒÉng ƒê·ªãnh,5,R·∫•t t·ªët,1 tu·∫ßn
Laptop Acer Gaming Nitro 5 Tiger AN515 58 769J i7 12700H/8GB/512GB/4GB RTX3050/144Hz/Win11 (NH.QFHSV.003),21490000.0,L·ªôc,4,D√πng √¥k c√≥ ƒëi·ªÅu l√∫c k c·∫•m s·∫°c nghe nh·∫°c l√¢u l√¢u n√≥ b·ªã r√® c√≤n c·∫•m s·∫°c v√†o th√¨ b√¨nh th∆∞·ªùng l√† c√≥ l·ªói g√¨ kh√¥ng ·∫°,5 th√°ng
Laptop Acer Gaming Nitro 5 Tiger AN515 58 769J i7 12700H/8GB/512GB/4GB RTX3050/144Hz/Win11 (NH.QFHSV.003),21490000.0,B√πi M·∫°nh C∆∞·ªùng,4,d√πng c≈©ng ok,1 tu·∫ßn
Laptop Acer Gaming Nitro 5 Tiger AN515 58 769J i7 12700H/8GB/512GB/4GB RTX3050/144Hz/Win11 (NH.QFHSV.003),21490000.0,Em Hi·∫øu,5,hang chat luong cao,1 th√°ng
Laptop Acer Gaming Nitro 5 Tiger AN515 58 769J i7 12700H/8GB/512GB/4GB RTX3050/144Hz/Win11 (NH.QFHSV.003),21490000.0,H·∫£i Th·ªãnh,4,T√¥i th·∫•y v·ªõi gi√° n√†y con n√†y r·∫•t h·ª£p l√Ω v·ªõi gi√° c·∫£ sinh vi√™n,1 tu·∫ßn
Laptop Acer Gaming Nitro 5 Tiger AN515 58 769J i7 12700H/8GB/512GB/4GB RTX3050/144Hz/Win11 (NH.QFHSV.003),21490000.0,Gia Hu√¢n,3,T·ªët,3 tu·∫ßn
Laptop Acer Gaming Nitro 5 Tiger AN515 58 769J i7 12700H/8GB/512GB/4GB RTX3050/144Hz/Win11 (NH.QFHSV.003),21490000.0,Ch√¢u Minh T√¢m,5,T·ªët,1 tu·∫ßn
Laptop Acer Aspire 3 A315 59 5283 i5 1235U/8GB/512GB/Win11 (NX.K6TSV.00B),12990000.0,Nguy·ªÖn Th√†nh Lu√¢n,2,T√¥i moi mua m√°y dc 13 ngay gio m·∫•t wi Co dc doi moi Ko,2 tu·∫ßn
Laptop Acer Aspire 3 A315 59 5283 i5 1235U/8GB/512GB/Win11 (NX.K6TSV.00B),12990000.0,Tuy·∫øt,5,m√°y oki ·∫° pin mi·ªÖn k nghe nh·∫°c √°nh s√°ng t·∫ßm 40 e s√†i ƒë∆∞·ª£c kho·∫£ng 45 ti·∫øng,1 tu·∫ßn
Laptop Acer Aspire 3 A315 59 5283 i5 1235U/8GB/512GB/Win11 (NX.K6TSV.00B),12990000.0,L∆∞∆°ng Th·∫ø Vinh,3,M√°y t·∫°m ·ªïn. pin nhanh h·∫øt,1 ng√†y
Laptop Acer Aspire 3 A315 59 5283 i5 1235U/8GB/512GB/Win11 (NX.K6TSV.00B),12990000.0,C√¥ng Ty Tnhh Nosu - Biotech,5,S·∫£n ph·∫©m t·ªët.,1 tu·∫ßn
Laptop Acer Aspire 3 A315 59 5283 i5 1235U/8GB/512GB/Win11 (NX.K6TSV.00B),12990000.0,Th∆∞∆°ng,5,T·ªët,1 tu·∫ßn
Laptop Acer Aspire 3 A315 59 5283 i5 1235U/8GB/512GB/Win11 (NX.K6TSV.00B),12990000.0,Anh Long,5,R·∫•t t·ªët,1 tu·∫ßn
Laptop Acer Aspire 3 A315 59 5283 i5 1235U/8GB/512GB/Win11 (NX.K6TSV.00B),12990000.0,VO PHAN TOAN,4,T·ªët,3 ng√†y
Laptop Acer Aspire 3 A315 59 5283 i5 1235U/8GB/512GB/Win11 (NX.K6TSV.00B),12990000.0,Ng√¥ m·ªπ,4,T·ªët,5 th√°ng
Laptop Acer Aspire 3 A315 59 5283 i5 1235U/8GB/512GB/Win11 (NX.K6TSV.00B),12990000.0,Hi·∫øu Tr·∫ßn,4,T·ªët,1 tu·∫ßn
Laptop Acer Aspire 3 A315 59 5283 i5 1235U/8GB/512GB/Win11 (NX.K6TSV.00B),12990000.0,Thu√Ω Ki·ªÅu,4,T·ªët,2 ng√†y
Laptop Acer Aspire 3 A315 510P 32EF i3 N305/8GB/256GB/Win11 (NX.KDHSV.001),16173535.108958839,Nguy·ªÖn Minh Tr√≠,3,T·ªët,1 tu·∫ßn
Laptop Acer Gaming Aspire 7 A715 76G 5806 i5 12450H/16GB/512GB/4GB RTX3050/144Hz/Win11 (NH.QMFSV.002),18990000.0,ƒêƒÉng Ch·ª©c,4,Cho em h·ªèi l√†m th·∫ø n√†o ƒë·ªÉ keyboard brightness b·∫≠t li√™n t·ª•c m√† kh√¥ng t·ª± t·∫Øt ·∫°. Em c·∫£m ∆°n,9 th√°ng
Laptop Acer Gaming Aspire 7 A715 76G 5806 i5 12450H/16GB/512GB/4GB RTX3050/144Hz/Win11 (NH.QMFSV.002),18990000.0,Hi·∫øu,5,Sp s·ª≠ d·ª•ng r·∫•t ok nh√© mn,1 tu·∫ßn
Laptop Acer Gaming Aspire 7 A715 76G 5806 i5 12450H/16GB/512GB/4GB RTX3050/144Hz/Win11 (NH.QMFSV.002),18990000.0,Thanh H√πng,5,T·ªët,3 ng√†y
Laptop MSI Gaming GF63 Thin 12VE i5 12450H/16GB/512GB/6GB RTX4050/144Hz/Win11 (460VN),18990000.0,Nguy·ªÖn Thanh T√¢m,4,pin t·ª•t √°c qu√°,1 tu·∫ßn
Laptop MSI Gaming GF63 Thin 12VE i5 12450H/16GB/512GB/6GB RTX4050/144Hz/Win11 (460VN),18990000.0,H√†,4,pin nhanh t·ª•t qu√°,2 tu·∫ßn
Laptop MSI Gaming GF63 Thin 12VE i5 12450H/16GB/512GB/6GB RTX4050/144Hz/Win11 (460VN),18990000.0,T√¢m,4,M√°y choi game n√≥ng qa,1 ng√†y
Laptop MSI Modern 15 B12MO i5 1235U/16GB/512GB/Win11 (628VN),12490000.0,Th·ªëng,1,"M√°y RAM 16Gb, ·ªî c·ª©ng SSD 512 GB r·∫•t ·∫•n t∆∞·ª£ng, ph·∫£i n√≥i l√† ngon b·ªï r·∫ª, nh∆∞ng m√† khuy·∫øt ƒëi·ªÉm l√† khi c·∫≠p nh·∫≠t driver intel s·∫Ω b·ªã l·ªói microphone, kh√¥ng nh·∫≠n ƒë∆∞·ª£c √¢m thanh ƒë·∫ßu v√†o. Cho n√™n ƒë·ª´ng update driver intel.",1 tu·∫ßn
Laptop MSI Modern 15 B12MO i5 1235U/16GB/512GB/Win11 (628VN),12490000.0,H·ªì Ho√†i Nam,4,"laptop msi modern n√†y kh√° t·ªët, nh√¢n vi√™n th√¨ ki√™n nh·∫´n tr·∫£ l·ªùi, nhi·ªát t√¨nh t∆∞ v·∫•n c√≥ t·∫£i m·ªôt s·ªë ·ª©ng d·ª•ng x√£ h·ªôi n·∫øu kh√°ch mu·ªën s·ª≠ d·ª•ng, m√°y s·ª≠ d·ª•ng t·ªët, m·ªü nhi·ªÅu ·ª©ng d·ª•ng c√πng l√∫c m√† kh√¥ng gi·∫≠t l√°t, l√†m c√°c tab v·ª• th√¨ ·ªïn ƒë·ªãnh, ch∆°i tr√≤ ch∆°i t·∫ßm trung th√¨ m∆∞·ª£c, qu·∫°t t·∫£n nhi·ªát th√¨ kh√¥ng ·ªìn nhi·ªÅu.",6 ng√†y
Laptop MSI Modern 15 B12MO i5 1235U/16GB/512GB/Win11 (628VN),12490000.0,Nguy·ªÖn Tr·∫ßn Minh H·∫£i,4,t·∫°m ·ªïn ..ch·ªâ c√≥ ƒëi·ªÅu l√† nhanh h·∫øt pin ..t√¥i mu·ªën ƒë·ªïi c√°i kh√°c c√≥ card r·ªùi m√† m·∫•t ph√≠ n√™n th√¥i,3 tu·∫ßn
Laptop MSI Gaming Bravo 15 B7ED R5 7535HS/16GB/512GB/4GB RX6550M/144Hz/Win11 (010VN),15990000.0,nam,2,"G√ìC CHIA S·∫∫ TR·∫¢I NGHI·ªÜM D·ªäCH V·ª§ B·∫¢O H√ÄNH T·ªÜ H·∫†I B√äN MSI  28/7 v·ª´a qua m√¨nh mua 1 chi·∫øc laptop msi bravo 15 B7ED R5 b√™n h·ªá th·ªëng ƒëi·ªán m√°y xanh. M·ª•c ƒë√≠ch mua v·ªÅ ƒë·ªÉ ch∆°i genshin impact v√† 1 v√†i vi·ªác nh·∫π th√¥i n√™n khi nh·∫≠n m√°y m√¨nh t·∫£i game ·ªü chi nh√°nh ƒë·ªÉ test, tuy nhi√™n t·ªëc ƒë·ªô t·∫£i ch·∫≠m n√™n m√¨nh test qua m√†n h√¨nh v√† 1 v√†i c√°i n·ªØa r·ªìi mang v·ªÅ d√πng. Nh√¢n vi√™n b√™n dmx v·∫´n t∆∞ v·∫•n nhi·ªát t√¨nh ƒë·ªÉ kh√°ch h√†ng c√≥ gi√° t·ªët nh·∫•t.   Trong tu·∫ßn ƒë·∫ßu d√πng m√°y r·∫•t hay c√≥ hi·ªán t∆∞·ª£ng k·∫øt n·ªëi wifi ch·∫≠p ch·ªùn, nhi·ªÅu l√∫c m·∫•t k·∫øt n·ªëi ph·∫£i reset m·ªõi c√≥ l·∫°i. Loa d√®, k·∫øt n·ªëi tai nghe c≈©ng b·ªã d√®, kho·∫£ng 510 l·∫°i ƒë∆° gi·∫≠t m√†n h√¨nh d√π ch·ªâ b·∫≠t v√†i tab chrome l∆∞·ªõt web.  Kho·∫£ng m√πng 3,4 th√°ng 8 m√¨nh mang qua ƒëi·ªán m√°y xanh ƒë·ªÉ g·ª≠i h√£ng b·∫£o h√†nh, m√¨nh t·ª± ghi h·∫øt c√°c l·ªói g·∫∑p ph·∫£i ƒë·ªÉ nh√¢n vi√™n l√†m cho nhanh v√¨ b·∫°n √Ω c≈©ng kh th·∫°o l·∫Øm. ƒê·∫øn ng√†y 9/8 nh√¢n vi√™n b√™n dmx b√°o m√¨nh m√°y ƒë√£ b·∫£o h√†nh xong, m√¨nh qua l·∫•y m√°y v·ªÅ s·ª≠ d·ª•ng.  Kh√¥ng bi·∫øt b√™n b·∫£o h√†nh MSI c√≥ nh·∫≠n ƒë∆∞·ª£c th√¥ng tin kh√°ch h√†ng b·∫£o h√†nh nh∆∞ sdt c·ªßa m√¨nh kh, tuy nhi√™n trong 1 tu·∫ßn b·∫£o h√†nh ƒë√≥ kh c√≥ nh√¢n vi√™n b√™n h√£ng MSI li√™n h·ªá cho m√¨nh. M√°y v·ªÅ ch·ªâ c√†i l·∫°i win, nh√¢n vi√™n b√™n ƒë√≥ ch·∫°y m·∫•y ph·∫ßn m·ªÅm test hi·ªáu nƒÉng xong th·∫≠m ch√≠ ƒë·ªÉ nguy√™n v·∫≠y kh√¥ng xo√° ƒëi, c≈©ng kh th√¥ng b√°o k·∫øt qu·∫£ g√¨ cho kh√°ch h√†ng l√† m√¨nh V√Ä QUAN TR·ªåNG NH·∫§T L√Ä M√ÅY B·∫¢O H√ÄNH XONG V·∫™N B·ªä L·ªñI Y NH∆Ø BAN ƒê·∫¶U.S√°ng 10/8 m√¨nh h·ªèi b√™n dmx sdt b·∫£o h√†nh c·ªßa h√£ng th√¨ nh√¢n vi√™n b√°o s·ªë  xxxx3000911 . G·ªçi th√¨ th·∫•y hi·ªán l√† FPT Services, n√™n m√¨nh c√≥ h·ªèi l·∫°i b√™n dmx c√≥ nh·∫ßm kh th√¨ ƒë∆∞·ª£c th√¥ng b√°o l√† h√£ng MSI ch·ªâ cho duy nh·∫•t s·ªë ƒë√≥. M√¨nh g·ªçi s·ªë  xxxx3000911 t·ª´ l√∫c 8h ƒë·∫øn 9 r∆∞·ª°i s√°ng chi nh√°nh h√† n·ªôi KH√îNG 1 AI NGHE, ph·∫£i k·∫øt n·ªëi chi nh√°nh ngh·ªá an v√† nh·ªù nh√¢n vi√™n trong ƒë√≥ li√™n h·ªá chi nh√°nh h√† n·ªôi gi√∫p m√¨nh, nh∆∞ng nh√¢n vi√™n th√°i ƒë·ªô r·∫•t t·ªá. ƒê·∫øn g·∫ßn 10h m·ªõi c√≥ nh√¢n vi√™n chi nh√°nh h√† n·ªôi b·∫Øt m√°y, m√¨nh c√≥ h·ªèi h√¥m nay k·ªπ thu·∫≠t b√™n b·∫°n ƒëi l√†m kh, b√°n ƒë√≥ b√°o kh v√† m√¨nh y√™u c·∫ßu TH·ª® 2 TU·∫¶N T·ªöI LI√äN H·ªÜ L·∫†I V·ªöI M√åNH NGAY ƒê·ªÇ GI·∫¢I QUY·∫æT. TUY NHI√äN ƒê·∫æN H√îM NAY L√Ä TH·ª® 6 NG√ÄY 16/8 V·∫™N KH√îNG C√ì 1 NH√ÇN VI√äN N√ÄO B√äN MSI LI√äN H·ªÜ M√åNH ƒê·ªÇ GI·∫¢I QUY·∫æT. H√ÉNG L√ÄM VI·ªÜC QU√Å V√î TR√ÅCH NHI·ªÜM.M√¨nh c√≥ g·ª≠i k√®m 1 s·ªë th√¥ng tin video, h√¨nh ·∫£nh khi s·ª≠ d·ª•ng lap msi n√†y cho c√°c b·∫°n tham kh·∫£o, BUILD C·ª∞C T·ªÜ, ƒê·ªÇ G·∫¶N QU·∫†T M√Ä M√ÄN H√åNH G·∫¨T G√ô H∆†N PH√ä THU·ªêC C√ÅC B·∫†N THAM KH·∫¢O ƒê·ªÇ TR√ÅNH B·ªä TR∆Ø·ªúNG H·ª¢P NH∆Ø M√åNH",2 tu·∫ßn
Laptop MSI Gaming Bravo 15 B7ED R5 7535HS/16GB/512GB/4GB RX6550M/144Hz/Win11 (010VN),15990000.0,Qu·ªëc Thi·ªán,1,"H·∫≠u chƒÉm s√≥c kh√°ch h√†ng t·ªá.L√∫c mua h√†ng r·∫•t ok t·ªõi khi m√°y g·∫∑p v·∫•n ƒë·ªÅ nh·∫Øn tin c·∫ßn h·ªó tr·ª£ th√¨ b∆° qu√° b∆° kh√°ch h√†ng.B·∫£n th√¢n mua s·∫£n ph·∫©m t·∫°i TGDƒê tr∆∞·ªõc gi·ªù m√† th·∫≠t s·ª± t·ªõi th·ªùi ƒëi·ªÉm hi·ªán t·∫°i nha d√π bi·∫øt t√πy ƒë·ªãa ƒëi·ªÉm nh∆∞ng th·∫≠t s·ª± c√°ch th·ª©c b√°n h√†ng ƒëi xu·ªëng.Ch·∫Øc ch·∫Øn 1 ƒëi·ªÅu sau chuy·ªán n√†y v·ªõi t√¥i TGDƒê c≈©ng ch·ªâ l√† 1 c·ªßa h√†ng b√¨nh th∆∞·ªùng kh√¥ng kh√°c g√¨ nh·ªØng c·ª≠a h√†ng ch·ª£ tr·ªùi kh√°c,nhi·ªÅu khi nh·ªØng c·ª≠a h√†ng ngo√†i ƒë√≥ l√†m t·ªët h∆°n nhi·ªÅu so v·ªõi m·ªôt h·ªá th·ªëng l·ªõn c·ª≠a TGDƒê.Qu√° ch√°n ,qu√° th·∫•t v·ªçng.",2 tu·∫ßn
Laptop MSI Gaming Bravo 15 B7ED R5 7535HS/16GB/512GB/4GB RX6550M/144Hz/Win11 (010VN),15990000.0,Nguy·ªÖn Xu√¢n H√πng,5,"S√†i ngon ,gi√° khuy·∫øn m√£i t·ªët S·∫Ω gi·ªõi thi·ªáu cho b·∫°n b√® .....",1 ng√†y
Laptop MSI Gaming Bravo 15 B7ED R5 7535HS/16GB/512GB/4GB RX6550M/144Hz/Win11 (010VN),15990000.0,nguy·ªÖn vƒÉn c√¥ng,4,"m√°y kh√° ok, ch·ªâ c√≥ ti·∫øng qu·∫°t h∆°i ·ªìn x√≠u, pin s√†i nghe nh·∫°c kho·∫£ng h∆°n 3 ti·∫øng, b√†n ph√≠m c√≥ ƒë·ªô n·∫£y cao, kh√° m∆∞·ª£t hy v·ªçng s·∫Ω d√πng ·ªïn v√† kh√¥ng b·ªã v·∫•n ƒë·ªÅ g√¨.",5 ng√†y
Laptop MSI Gaming Bravo 15 B7ED R5 7535HS/16GB/512GB/4GB RX6550M/144Hz/Win11 (010VN),15990000.0,Tr·∫ßn ƒêƒÉng Khoa,4,"m√°y ·ªïn trong t·∫ßm gi√°, nh∆∞ng l√¢u l√¢u c≈©ng b·ªã l·ªói win t·ª± kh·ªüi ƒë·ªông l·∫°i l√∫c m·ªõi b·∫≠t m√°y c√≤n l·∫°i th√¨ d√πng ok",1 tu·∫ßn
Laptop MSI Gaming Bravo 15 B7ED R5 7535HS/16GB/512GB/4GB RX6550M/144Hz/Win11 (010VN),15990000.0,L√™ Quang H·∫≠u,5,m√°y ·ªïn trong t·∫ßm gi√°,1 ng√†y
Laptop MSI Gaming Bravo 15 B7ED R5 7535HS/16GB/512GB/4GB RX6550M/144Hz/Win11 (010VN),15990000.0,Ho√†ng Tr·ªçng Nghƒ©a,5,"Ngon, m·ªói t·ªôi ti·∫øng qu·∫°t gi√≥ h∆°i to",3 tu·∫ßn
Laptop MSI Gaming Bravo 15 B7ED R5 7535HS/16GB/512GB/4GB RX6550M/144Hz/Win11 (010VN),15990000.0,Nguy·ªÖn ƒê·ª©c Th√†nh,2,d·ªãch v·ª• th·∫≠t s·ª± kh√° ch√°n mua c√≥ s·ª± ki·ªán thanh to√°n qua ocb ƒë∆∞·ª£c gi·∫£m 500k nh∆∞ng m√† ko ƒë∆∞·ª£c gi·∫£m ch·ªâ gi·∫£m cho 150k ƒë√£ th·∫ø ch·∫£ h·ªó tr·ª£ chuy·ªÉn d·ªØ li·ªáu ·ªï c·ª©ng g√¨ c·∫£ c√°i n√†y m√¨nh b·ªè qua ƒë∆∞·ª£c trang web th√¨ l·ªói t√πm lum l√∫c c√≥ l√∫c kh√¥ng mua c√°i laptop n√†y th√¨ m·∫•y ti·∫øng l√† c√≥ m√† balo th√¨ gi·ª•c m·∫•t 5 ng√†y balo v·ªÅ th√¨ ch·∫£ g·ªçi m·∫∑c d√π n√≥i s·∫Ω g·ªçi ƒëi·ªán cho ƒë·∫øn l√∫c ƒë·∫øn mua m·ªõi t√© ra ph·∫£i tr·∫£ th√™m ti·ªÅn ship 100k ƒë·ªÉ mua n√™n ƒë√†nh mua c√°i balo 50k b√™n c·ª≠a h√†ng v·∫≠y mua xong m·ªõi bi·∫øt c√πng gi√° n√†y th√¨ b√™n h√£ng kh√°c c√≤n t·∫∑ng ƒë·∫ßy ƒë·ªß ph·ª• ki·ªán chu·ªôt ba l√¥ n√¢ng c·∫•p c√¢n m√†u free ngay lu√¥n ch·ª© ko ph·∫£i gi·ª•c d√π ch·∫•p nh·∫≠n b·ªè ti·ªÅn ƒë·ªÉ mua c√°i balo c·ª© k√™u khuy·∫øn m√£i c√°c ki·ªÉu m√† mua xong c·ª© nh∆∞ b·ªã h·ªõ ti·ªÅn nhi·ªÅu h∆°n m√† d·ªãch v·ª• ch√°n s·∫Ω kh√¥ng c√≥ l·∫ßn th·ª© hai,1 tu·∫ßn
Laptop MSI Gaming Bravo 15 B7ED R5 7535HS/16GB/512GB/4GB RX6550M/144Hz/Win11 (010VN),15990000.0,Nguy·ªÖn Ch√≠ Th·∫°nh,5,T·ªët,4 tu·∫ßn
Laptop MSI Gaming Bravo 15 B7ED R5 7535HS/16GB/512GB/4GB RX6550M/144Hz/Win11 (010VN),15990000.0,Truy·ªÅn,4,T·ªët,1 tu·∫ßn
Laptop MSI Modern 15 B12MO i5 1235U/8GB/512GB/Win11 (625VN),11490000.0,B√πi ƒê·ª©c T√¢m,3,T·∫°m th√¥i,5 th√°ng
Laptop MSI Modern 15 B12MO i5 1235U/8GB/512GB/Win11 (625VN),11490000.0,L√™ Thuy·ªÅn,3,T·∫°m ·ªïn,1 tu·∫ßn
Laptop MSI Modern 15 B12MO i5 1235U/8GB/512GB/Win11 (625VN),11490000.0,ƒê·ª©c Th·ªãnh,4,M√¨nh d√πng 3 ng√†y th·∫•y ·ªïn ·∫° ƒë·ª£i v√†i th√°ng n·ªØa m·ªõi c·∫£m nh·∫≠n dc h·∫øt ·∫°.,1 tu·∫ßn
Laptop MSI Modern 15 B12MO i5 1235U/8GB/512GB/Win11 (625VN),11490000.0,Duy√™n,4,T·ªët,3 tu·∫ßn
Laptop MSI Modern 15 B12MO i5 1235U/8GB/512GB/Win11 (625VN),11490000.0,A Trung,4,T·ªët,3 tu·∫ßn
Laptop MSI Modern 15 B12MO i5 1235U/8GB/512GB/Win11 (625VN),11490000.0,Ho√†ng Ti·∫øn D≈©ng,5,T·ªët,1 ng√†y
Laptop MSI Gaming Katana 15 B13VFK i7 13620H/16GB/1TB/8GB RTX4060/144Hz/Balo/Win11 (676VN),27990000.0,ƒê·∫∑ng Qu·ªëc Huy,5,"kh√¥ng c√≥ nhi·ªÅu kinh nghi·ªám x√†i laptop l·∫Øm nh∆∞ng theo m√¨nh th√¨ c√°i n√†y x√†i m∆∞·ª£t, ·ªïn nha",1 th√°ng
Laptop MSI Gaming Katana 15 B13VFK i7 13620H/16GB/1TB/8GB RTX4060/144Hz/Balo/Win11 (676VN),27990000.0,Ph·∫°m Minh Tri·∫øt,5,"X√†i kh√° ·ªïn, ngon trong t·∫ßm gi√°",1 tu·∫ßn
Laptop MSI Gaming Katana 15 B13VFK i7 13620H/16GB/1TB/8GB RTX4060/144Hz/Balo/Win11 (676VN),27990000.0,Tr·∫ßn Quang Minh,5,T·ªët,1 ng√†y
Laptop MSI Gaming Katana 15 B13VFK i7 13620H/16GB/1TB/8GB RTX4060/144Hz/Balo/Win11 (676VN),27990000.0,Nguy·ªÖn Thanh T√≠n,4,T·ªët,1 tu·∫ßn
Laptop MSI Gaming GF63 Thin 12VE i5 12450H/8GB/512GB/6GB RTX4050/144Hz/Win11 (460VN),17490000.0,ph·∫°m ho√†ng nh·∫≠t phong,3,sao qu·∫°t t·∫£n nhi·ªát c·ªßa e ko ch·∫°y ƒëc th·∫ø shop...... b·∫≠t m√°y l√™n n√≥ ch·∫°y ƒëc 1 t√≠ r·ªìi n√≥ t·∫Øt h·∫≥n lu√¥n,1 ng√†y
Laptop MSI Gaming GF63 Thin 12VE i5 12450H/8GB/512GB/6GB RTX4050/144Hz/Win11 (460VN),17490000.0,L√™ T·∫•n Th·ªãnh,5,Cho m√¨nh h·ªèi m√°y c√≥ g·∫Øn th√™m dc ·ªï c·ª©ng SSD sata 2.5 ko ak hay ch·ªâ d√πng dc HDD,4 th√°ng
Laptop MSI Gaming GF63 Thin 12VE i5 12450H/8GB/512GB/6GB RTX4050/144Hz/Win11 (460VN),17490000.0,Anh Nguy·ªÖn Anh Tu·∫•n,3,Ok,1 tu·∫ßn
Laptop MSI Gaming GF63 Thin 12VE i5 12450H/8GB/512GB/6GB RTX4050/144Hz/Win11 (460VN),17490000.0,T√¢n,3,"m√¨nh m·ªõi mua. D√πng th·∫•y ok, m√¨nh th·∫•y b·∫°n b√°n cho m√¨nh h·ªó tr·ª£ nhi·ªát t√¨nh. NH∆ØNG N·∫æU AI KH√îNG R√ÄNH V·ªÄ LAPTOP NH∆Ø M√åNH M·ªå NG∆Ø·ªúI N√äN C√ÇN NH·∫ÆC V·ªÄ V·∫§N ƒê·ªÄ K·ª∏ THU·∫¨T, M√åNH TH·∫§Y K·ª∏ THU·∫¨T V·ªÄ LAPTOP C√ÅC B·∫†N ·ªû TGDD KH√îNG CHUY√äN V√Ä C√íN THI·∫æU KINH NGHI·ªÜM.",1 ng√†y
Laptop MSI Gaming GF63 Thin 12VE i5 12450H/8GB/512GB/6GB RTX4050/144Hz/Win11 (460VN),17490000.0,Ch·ªã H∆∞∆°ng,5,M√°y t·ªët,1 ng√†y
Laptop MSI Gaming GF63 Thin 12VE i5 12450H/8GB/512GB/6GB RTX4050/144Hz/Win11 (460VN),17490000.0,Qu√¢n,4,M√°y x√†i ngon ngh·∫ª nh∆∞ng ch∆°i game th√¨ l√¢u l√¢u s·∫Ω b·ªã ƒë·ª©ng 1 ch√∫t,1 tu·∫ßn
Laptop MSI Gaming GF63 Thin 12VE i5 12450H/8GB/512GB/6GB RTX4050/144Hz/Win11 (460VN),17490000.0,HU·ª≤NH QU·ªêC TU·∫§N,5,Ch·∫•t l∆∞·ª£ng h·∫≠u m√£i uy t√≠n,1 tu·∫ßn
Laptop MSI Gaming GF63 Thin 12VE i5 12450H/8GB/512GB/6GB RTX4050/144Hz/Win11 (460VN),17490000.0,Tuy·∫øt Trinh,4,"M√¨nh mua m√°y v·ªÅ m√† kh m·ªü cam ƒëc , m√°y k√™u kh√¥ng t√¨m th·∫•y cam v·∫≠y l√†m sao m·ªõi c√≥ ƒëc v ·∫°",1 th√°ng
Laptop MSI Gaming GF63 Thin 12VE i5 12450H/8GB/512GB/6GB RTX4050/144Hz/Win11 (460VN),17490000.0,Tr·∫ßn Ho√†ng Anh Huy,5,c√≥ c√°i pin h∆°i y·∫øu,1 tu·∫ßn
Laptop MSI Gaming GF63 Thin 12VE i5 12450H/8GB/512GB/6GB RTX4050/144Hz/Win11 (460VN),17490000.0,Ph·∫°m Cao C∆∞·ªùng,3,m√°y r·∫•t n√≥ng,6 ng√†y
Laptop MSI Gaming GF63 Thin 12VE i5 12450H/8GB/512GB/6GB RTX4050/144Hz/Win11 (460VN),17490000.0,Anh K·ª≥,3,"Nh∆∞·ª£c ƒëi·ªÉm : Qu√° n·∫∑ng ,cho ƒë·ª©a em lu√¥n kh√¥ng c√≥ s·ª≠ d·ª•ng ,pin 3h l√† h·∫øt 
∆Øu ƒëi·ªÉm c·∫•u h√¨nh cao",2 ng√†y
Laptop MSI Gaming GF63 Thin 12VE i5 12450H/8GB/512GB/6GB RTX4050/144Hz/Win11 (460VN),17490000.0,Quan Co B·∫±ng,5,R·∫•t ok,5 ng√†y
Laptop MSI Gaming GF63 Thin 12VE i5 12450H/8GB/512GB/6GB RTX4050/144Hz/Win11 (460VN),17490000.0,Nguy·ªÖn Quang Huy,5,Ngon,2 ng√†y
Laptop MSI Gaming GF63 Thin 12VE i5 12450H/8GB/512GB/6GB RTX4050/144Hz/Win11 (460VN),17490000.0,103684 - Tr∆∞∆°ng C√¥ng Quy·ªÅn,5,M√°y ch·∫°y kh√° t·ªët :)) nh√¢n vi√™n ƒë·∫πp trai nhi·ªát t√¨nh vui t√≠nh üòÅ,1 ng√†y
Laptop MSI Gaming GF63 Thin 12VE i5 12450H/8GB/512GB/6GB RTX4050/144Hz/Win11 (460VN),17490000.0,ch·ªã H·ªìng,3,Pin x√†i ƒë∆∞·ª£c 2h,2 tu·∫ßn
Laptop MSI Gaming GF63 Thin 12VE i5 12450H/8GB/512GB/6GB RTX4050/144Hz/Win11 (460VN),17490000.0,de,5,T√¥i ƒë√£ d√πng v√† c·∫£m nh·∫≠n sp r·∫•t t·ªët v√† r·∫•t h√†i l√≤ng v·ªõi gi√° c·∫£ h·ª£p l√≠ n√™n mua nha m·ªçi,5 ng√†y
Laptop MSI Gaming GF63 Thin 12VE i5 12450H/8GB/512GB/6GB RTX4050/144Hz/Win11 (460VN),17490000.0,Ph·∫°m Huy S∆°n,5,T·ªët,4 ng√†y
Laptop MSI Gaming GF63 Thin 12VE i5 12450H/8GB/512GB/6GB RTX4050/144Hz/Win11 (460VN),17490000.0,ƒê·ªó vƒÉn bi√™n,5,t·ªët,4 ng√†y
Laptop MSI Gaming GF63 Thin 12VE i5 12450H/8GB/512GB/6GB RTX4050/144Hz/Win11 (460VN),17490000.0,Nguy·ªÖn Ho√†ng L√™,3,T·ªët,1 tu·∫ßn
Laptop MSI Gaming GF63 Thin 12VE i5 12450H/8GB/512GB/6GB RTX4050/144Hz/Win11 (460VN),17490000.0,Tr·∫ßn Ph∆∞·ªõc Sang,5,T·ªët,1 th√°ng
Laptop MSI Gaming GF63 12UC i5 12450H/8GB/512GB/4GB RTX3050/144Hz/Win11 (803VN),15990000.0,Ph·∫°m Ph∆∞·ªõc H·∫≠u,5,R·∫•t t·ªët,1 tu·∫ßn
Laptop MSI Gaming GF63 12UC i5 12450H/8GB/512GB/4GB RTX3050/144Hz/Win11 (803VN),15990000.0,Ng√¢n,4,T·ªët,1 tu·∫ßn
Laptop MSI Gaming GF63 12UC i5 12450H/8GB/512GB/4GB RTX3050/144Hz/Win11 (803VN),15990000.0,Ho√†ng Cao Ch√≠,3,Sau h∆°n n·ª≠a th√°ng s·ª≠ d·ª•ng m√¨nh c·∫£m th·∫•y hi·ªáu nƒÉng v·∫´n ch∆∞a th·ª±c s·ª± t·ªët n·∫øu kh√¥ng mu·ªën n√≥i l√† qu√° bthg. ƒê∆°n gi·∫£n nh∆∞ ch∆°i aoe v·ªõi b·∫≠t nh·∫°c m√† gi·∫≠t v·ªõi lag kinh kh·ªßng nh∆∞ng c√°c t√°c v·ª• c√≤n l·∫°i th√¨ oke,2 tu·∫ßn
Laptop MSI Gaming GF63 12UC i5 12450H/8GB/512GB/4GB RTX3050/144Hz/Win11 (803VN),15990000.0,H∆∞ng,5,T·ªët,3 th√°ng
Laptop MSI Gaming GF63 12UC i5 12450H/8GB/512GB/4GB RTX3050/144Hz/Win11 (803VN),15990000.0,H·∫°nh,5,T·ªët,3 tu·∫ßn
Laptop Acer Aspire 3 A315 510P 32EF i3 N305/8GB/256GB/Win11 (NX.KDHSV.001),16173535.108958839,Kh√°nh H√¢n,4,"M√°y ch·∫°y kh√° ·ªïn, nhanh. Nh∆∞·ª£c ƒëi·ªÉm ph·∫ßn v·ªè d·ªÖ b√°m b·∫©n khi d√πng",1 tu·∫ßn
Laptop Acer Aspire 3 A315 510P 32EF i3 N305/8GB/256GB/Win11 (NX.KDHSV.001),16173535.108958839,Phong,5,s·∫£n ph·∫©m gi√° t·ªët dung r·∫•t ·ªïn,5 th√°ng
Laptop MSI Gaming GF63 Thin 12UCX i5 12450H/16GB/512GB/4GB RTX2050/144Hz/Win11 (873VN),15490000.0,Tr·∫ßn Ng·ªçc,3,Pin c√≥ b·ªã l·ªói g√¨ k m√† x·∫°c ƒë·∫ßy d√πng ƒëc c√≥ 3h,4 ng√†y
Laptop MSI Gaming GF63 Thin 12UCX i5 12450H/16GB/512GB/4GB RTX2050/144Hz/Win11 (873VN),15490000.0,Minh Hoang,4,hao pin kh√° nhanh. n·∫øu pin 100% th√°o s·∫°c d√πng c√°c t√°c v·ª• c∆° b·∫£n c√≥ th·ªÉ ƒë∆∞·ª£c g·∫ßn 3h c√≤n ch∆°i game ch·∫Øc ch·ªâ ƒë∆∞·ª£c kho·∫£ng 1h.,1 ng√†y
Laptop MSI Gaming GF63 Thin 12UCX i5 12450H/16GB/512GB/4GB RTX2050/144Hz/Win11 (873VN),15490000.0,Nguy·ªÖn Gia Kh√°nh,2,M√°y hao pin r·∫•t nhanh 100% 1 ti·∫øng ƒë√£ c√≤n 20% khi chs game 15p v√† l∆∞·ªõt web 45p d√πng ƒëc 2 ng√†y h√¨nh n·ªÅn ƒëang b√¨nh th∆∞·ªùng l·∫°i ƒë·ªïi sang m√†u ƒëen,1 tu·∫ßn
Laptop MSI Gaming GF63 Thin 12UCX i5 12450H/16GB/512GB/4GB RTX2050/144Hz/Win11 (873VN),15490000.0,Nguy·ªÖn Tr·ªçng Ph√∫,5,T·ªët,1 th√°ng
Laptop MSI Gaming GF63 Thin 12UCX i5 12450H/16GB/512GB/4GB RTX2050/144Hz/Win11 (873VN),15490000.0,Tr·ªãnh Phong,3,T·∫°i sao c·ªïng USB Type C tr√™n m√°y kh√¥ng ho·∫°t ƒë·ªông,1 th√°ng
Laptop MSI Gaming GF63 Thin 12UCX i5 12450H/16GB/512GB/4GB RTX2050/144Hz/Win11 (873VN),15490000.0,Huy,5,R·∫•t t·ªët,2 tu·∫ßn
Laptop MSI Gaming GF63 Thin 12UCX i5 12450H/16GB/512GB/4GB RTX2050/144Hz/Win11 (873VN),15490000.0,L·ª•c Ti·∫øn Huy,4,Sao e mua h√¥m 21/3 m√† ko ƒë∆∞·ª£c nh√¢n vi√™n n√≥i nh·∫≠n ƒë∆∞·ª£c qu√† l√† balo mi·ªÖn ph√≠ v,1 ng√†y
Laptop MSI Gaming GF63 Thin 12UCX i5 12450H/16GB/512GB/4GB RTX2050/144Hz/Win11 (873VN),15490000.0,A,5,T·ªët,1 tu·∫ßn
Laptop MSI Gaming GF63 Thin 12UCX i5 12450H/16GB/512GB/4GB RTX2050/144Hz/Win11 (873VN),15490000.0,T·∫° Ho√†ng T√πng,5,T·ªët,1 tu·∫ßn
Laptop MSI Gaming GF63 Thin 12UCX i5 12450H/16GB/512GB/4GB RTX2050/144Hz/Win11 (873VN),15490000.0,HU·ª≤NH L√ä PH∆Ø∆†NG UY√äN,4,T·ªët,1 tu·∫ßn
Laptop MSI Gaming GF63 Thin 12UCX i5 12450H/16GB/512GB/4GB RTX2050/144Hz/Win11 (873VN),15490000.0,Phan VƒÉn Ti√™n,4,T·ªët,1 tu·∫ßn
